source_id,radial_velocity,phot_g_mean_mag,teff_gspphot,logg_gspphot,bp_rp,ruwe
4052307003895216512,-906.6071,15.199676,4733.7075,2.6194,2.0421505,0.8502854
3001468183198140800,-885.2032,15.237138,3896.7756,4.6565,2.0794172,1.0691185
4313545645245332864,-878.91626,14.897272,6419.202,3.8249,1.5938883,1.0378172
4255077877498765696,-877.84454,15.591184,6304.514,3.9583,1.8963432,0.9123972
670746696180987648,-871.40405,14.852939,5757.6953,4.4269,0.84662056,1.004915
3416522621408031360,-865.7915,15.179985,7557.0977,4.267,1.6605167,0.95602405
460980974485934976,-864.9447,15.6640835,3487.8914,4.8289,2.5775585,1.0921106
4043760912332177536,-862.40173,15.438626,5818.251,2.9478,2.338931,0.9693021
2507972936192261632,-854.7091,15.548094,3576.113,4.7185,2.5191202,1.0840954
3016407556921872256,-853.3459,15.681403,3521.6892,3.9742,2.5917616,1.0852631
4061196044364634624,-848.24316,15.819404,7582.672,3.8034,2.4667635,1.135055
5900286983032022528,-841.6967,14.586016,6055.949,4.1519,0.9894438,0.97071505
4069681937636687232,-832.83154,14.905864,5277.6025,3.8101,1.3223448,0.9173442
4053293304579636480,-828.89636,15.206879,7945.4995,3.2162,1.5079403,0.98941123
4104769484034552448,-828.3319,15.453213,4612.0723,2.4851,2.2284212,1.0437559
464624412425148416,-826.4347,15.511892,6204.6797,4.2716,1.440134,1.2755674
5941451431390155776,-825.33386,15.814677,7162.4487,2.8603,3.2590551,1.0287962
5254851637274716288,-811.411,14.700093,5276.116,3.436,1.5191917,0.94892955
5255157542014881664,-809.8909,14.51927,6477.79,4.2067,0.6682377,0.96414614
4049936869147243648,-807.5802,15.669179,5848.555,3.7899,2.0279999,0.9777964
4185354306086304128,-805.7012,15.478498,3612.7385,4.3952,2.493823,1.0318292
4146964342221788160,-805.28107,15.744094,3522.9229,0.5574,5.486289,0.9503074
6516053940285719424,-804.95605,15.303993,4270.1074,4.2466,1.9182663,1.1017435
4255131856652195840,-804.3489,16.16938,5198.086,2.3402,4.145258,1.2161181
4426805337245080320,-802.96326,15.121218,5085.7314,4.5815,1.3382845,1.1284267
4156270814771635712,-802.5367,14.962637,9827.582,3.6918,1.6531363,1.047367
4163705952924923520,-802.0853,15.657535,6901.7954,3.5286,2.5118923,1.0209903
4323347379065403776,-800.1992,15.625889,7089.6772,2.3664,3.1869574,1.0743445
287116128493851520,-799.7369,14.4322,6319.4976,3.6518,0.97866917,1.352836
5232929024643687552,-798.4184,14.572503,7002.821,4.0608,0.7329855,0.9521077
98296137660322304,-798.0061,14.767284,6029.4307,3.5707,1.0253639,1.0834954
4099118818866514560,-792.0249,14.549568,5576.5093,4.0442,1.1881704,1.0356034
6049385505691347712,-790.36646,16.138403,3529.5164,4.289,4.002886,0.927329
4041441359458718720,-783.0389,14.906529,6868.405,3.9302,1.1612988,0.93198043
3134808741440717696,-780.56396,14.634514,5924.0083,4.6745,0.7987623,0.95962644
4059682429258846208,-780.11755,15.933775,6095.839,2.8716,3.3259583,1.1349227
5887026911511993344,-776.26526,15.095494,6825.1455,3.2195,1.8095808,0.95973974
4061403710268439040,-773.14496,15.223637,7746.0625,3.5043,2.6242514,1.0412287
3350187607437467520,-773.12665,14.795724,6810.7466,4.1813,1.0795517,0.9922142
1227763787936437632,-771.41846,15.377927,3595.4814,4.7731,2.3750916,1.0794995
118636553018901248,-771.3785,15.283354,3510.4282,4.6064,2.4676666,0.9836265
3385763714902901760,-770.11615,14.569264,6530.489,4.2963,0.78116703,1.1912841
4286742644109650560,-767.35803,14.695282,5641.4863,4.0095,1.215579,1.1035526
340605204521472640,-765.46814,14.594408,6374.2427,4.2496,0.8178873,1.0061423
5859007197748879360,-765.27295,15.833123,5019.7314,3.6288,2.214735,1.2022182
6097896886432620160,-764.59894,15.804166,3326.8005,4.5986,3.0717058,1.0047102
4143946590790321280,-763.43536,15.40876,7945.9927,3.9782,1.9633198,1.0003579
6742015227748306048,-760.42847,14.997773,5223.8867,3.5268,1.4408712,1.1113496
4264163245146514304,-758.77466,13.916108,30168.002,4.3999,0.70257854,1.0928252
5813418731155528832,-758.17487,14.954991,5554.7915,4.0438,0.89140415,1.0248128
178382468684885248,-758.1633,14.990238,6690.6167,3.9868,1.8496237,1.0242273
6306255164518133504,-757.09393,15.382868,3491.0732,4.7854,2.4688187,1.0329208
6738309976641544448,-753.809,14.708712,5873.2207,4.4158,0.9363251,0.9954853
5881574502067686016,-753.56055,15.738491,4384.048,1.5228,4.5618334,1.0312359
4481654891413205632,-748.5823,14.583242,6404.1514,4.2531,0.9896889,0.9877682
5983779674111409920,-747.4415,15.048755,15012.421,4.5998,1.4189749,1.0971496
4275429872033135744,-742.3385,14.881315,6068.376,4.2044,1.1470594,1.0217797
6245719833867683072,-741.5612,14.823508,6389.4966,4.167,0.9385252,1.0701203
4043485523412935040,-739.7696,15.730738,3210.0017,0.1998,5.497076,1.1200186
4099761964507496192,-738.75574,14.2868595,7791.3384,3.9973,0.9311323,0.9835372
6016915037567888384,-736.4053,14.886789,5278.382,4.3312,1.3070431,1.0148002
4046347410361945600,-735.60986,14.333165,5538.388,4.1728,0.97490025,1.1198868
3060064971779337984,-729.68274,14.196098,6365.406,4.5695,0.7194929,1.0264218
4066199165856767616,-728.90656,15.940593,3668.3823,0.384,4.125784,0.95348585
295721799844057728,-728.174,15.838256,3003.6755,5.1157,3.3673115,1.1956298
3426682899124622080,-728.0476,14.831259,5882.924,4.2178,1.0631342,1.1656066
5972655193428701952,-727.38586,15.865127,6922.3086,3.0757,3.4258947,1.0885943
4093771378486656640,-726.62286,15.726074,6802.8545,3.1306,1.486476,1.1486043
4066362890056618112,-724.1967,15.346423,4843.435,2.6212,2.3960552,1.0457119
4097659663834543744,-723.67523,15.265137,7086.681,2.3667,2.8235369,1.2660053
3347047264790474368,-722.21936,14.767397,6037.93,4.2052,1.1383038,1.0739774
4193173689168571520,-722.10333,14.861922,5054.3105,3.5312,1.3798189,1.0786477
6731503175037828224,-721.9685,14.995828,5194.1865,3.0513,1.3493671,0.9930508
4255635020637075072,-721.0092,15.66192,3556.3396,4.8318,2.4945126,0.97411674
4058703657733296512,-719.6228,16.194077,5295.8257,2.7025,4.170429,1.1689035
117559409580951936,-718.454,14.764538,5405.3564,4.2262,1.0976772,0.9351825
5253216422951832960,-717.3373,14.880506,5406.389,3.6788,1.1822653,0.92494786
4321746249603642240,-714.34924,15.363753,6030.834,3.282,2.2855406,1.0960033
4159341304084349184,-713.451,15.386177,6066.294,3.3518,2.3408718,1.1145561
4305603151159495040,-710.0637,14.512822,8056.5107,2.6476,2.3519526,1.0494071
6252525948280547328,-709.8832,14.647023,5467.919,3.7429,1.0834417,1.0688789
4077096936653592832,-709.56244,15.1905155,5041.776,3.3665,1.6159754,1.1193336
4093519487238541952,-709.0719,15.189619,5099.8896,3.4309,1.8234673,1.0546528
6102244488540279424,-708.99774,14.631259,5590.0664,4.3832,0.8332052,1.0608441
2678510071583725184,-708.4742,14.9926405,4060.9983,4.6621,1.743228,1.0078055
4107671129595759104,-706.8508,15.57336,5869.14,3.0927,2.0295935,1.0980033
4055051835901634816,-706.7841,16.00419,3797.125,0.6896,5.2456503,0.95396894
4147105595110838528,-703.8976,15.916918,3919.6792,0.7511,4.6235733,1.0561961
3048696399504596224,-703.5339,14.635451,5900.4644,4.0802,0.90861034,1.140221
2017836972120732928,-703.46185,14.996223,15204.98,3.7036,1.8491173,0.9704584
1974262879621855104,-701.0987,15.457709,3539.6763,4.7671,2.5689354,1.0325996
4256611627468153600,-699.6836,15.488961,8413.821,3.7002,2.2956715,0.9628254
4253354358686072192,-699.5479,15.164989,5329.535,4.0955,1.5853643,0.8873646
4197449513790504192,-698.9328,15.249826,4965.4062,3.2671,1.7731495,0.97340626
2167025341193145984,-698.91974,15.43586,5697.654,2.7074,2.8805017,1.0253723
4043514656090059520,-697.9784,16.009174,5193.508,2.3908,3.8982735,0.89742905
4118649817540140672,-696.4054,15.736337,6461.7397,3.1048,2.6155796,1.1932522
5466601255858644864,-694.50916,14.887844,5733.0146,4.0749,0.86836433,1.0291306
4093013127726923648,-693.7939,15.866704,5455.4395,3.0274,2.8269558,0.91367793
3408568719931668608,-693.13196,14.897791,6104.509,3.933,1.128315,1.0092416
4068327747311400448,-692.4004,14.543204,24067.955,4.2073,1.3986101,0.8878741
4066702325525092736,-691.9159,15.58783,7894.9844,3.555,2.692997,0.9209732
3314770173241090688,-691.8298,15.512727,5841.881,4.5411,1.6483812,1.0798396
5934843744489260288,-686.35785,14.935384,6630.7334,3.9292,1.4979458,0.99600065
4114183193334222080,-682.7557,15.525598,7188.3486,3.3354,2.3888035,1.2507393
3435223115174372864,-681.53577,14.594397,6083.4995,4.4291,1.0202408,0.93277115
4093092155089523200,-681.49567,14.676659,3406.9766,0.244,4.3969526,1.1338698
2080972853912278400,-681.0706,14.941043,5727.1416,4.1222,1.2953806,1.0066594
4094201527955913856,-677.24426,14.591554,8399.09,2.8541,2.8085527,1.1264986
6736063914924320640,-676.10547,14.668103,5601.7803,4.5372,0.9800644,1.0289924
433305029860894592,-674.36096,14.615695,7202.146,4.3215,0.75970364,1.0787498
4100249460448080512,-674.2173,14.876204,5835.31,4.0166,1.1744452,0.96948934
5236934373723435904,-673.4836,14.809658,5536.6494,4.2132,1.305603,1.0749471
5972514657768691840,-671.9956,15.34522,5426.9517,3.398,1.8954887,1.006824
4096959481115185920,-669.08673,15.583876,8399.242,3.0057,2.8431082,1.0617429
3923188986919137664,-668.9053,15.451874,3427.56,4.4998,2.5646725,1.0549229
5937864343435931904,-668.65027,15.083807,8289.668,3.5704,1.73771,0.9864112
101778050467398784,-667.55206,15.734601,3378.4224,4.8792,2.7047453,1.0649201
4090739814376442496,-666.97675,14.768619,15015.009,4.3411,1.0408535,0.9719959
5967322527667976320,-660.1014,15.636902,7772.9673,2.4896,2.698783,1.0732045
4258590988899618048,-658.3052,15.742374,9229.243,3.7213,2.6548195,0.970644
4201851481624812672,-657.4627,14.773431,5920.4907,4.1531,1.1836157,0.9530017
4093882944497820288,-656.9936,14.270123,5612.1255,3.3828,1.8514862,0.944516
4259452318849524480,-656.8057,15.526923,7186.372,3.3684,2.2195625,0.9298942
6243825890728699648,-656.0117,14.76477,5139.1523,4.2011,1.3228102,1.0804304
4144248922128986624,-654.35315,15.597822,5327.9204,2.5976,3.3928156,0.9472855
4042010253671158528,-653.4895,15.172313,5414.382,3.4044,1.7097197,1.0301282
4262617194362711040,-653.0723,15.199984,5509.1406,4.0204,1.560586,1.0159776
4271296429869347840,-651.2721,15.381432,8445.539,4.0721,2.0989676,0.99708396
4067517136668667904,-649.84503,14.914597,7756.3647,2.4798,2.1043663,0.9483127
3331309439465931392,-648.3504,14.962097,6606.643,4.054,1.3519592,1.025435
2171415794201909376,-641.77014,15.35515,9678.215,2.9931,1.9957161,0.9689484
2047058074180427904,-641.62695,14.546696,6478.498,4.1524,0.8384237,0.9644041
5338054190406484736,-641.3073,15.7236395,5693.8735,2.6515,2.9185352,1.040976
4144764764877273216,-640.6286,14.794636,6037.7876,4.0086,1.194252,0.9947105
4096522150395490944,-637.06494,14.835175,5442.708,4.3484,1.0709896,0.92856395
3329182326844644736,-634.58093,14.705921,6560.7886,4.1548,0.92793083,0.9173938
5333035400863169664,-634.06805,14.501423,8576.569,2.5541,2.3206396,1.0724703
6105774406200585728,-632.8336,14.605283,5283.287,4.3872,1.0307312,0.9907529
4253521480074917504,-632.51166,15.497302,4870.916,2.9551,2.2257023,1.0184013
4067901622228586368,-631.99945,16.09879,3183.7415,0.1422,4.6576214,0.9970696
867513647819873408,-631.9419,14.490081,5929.6895,3.6571,1.1788435,1.3900002
1619258337664073088,-629.74445,14.294826,6539.0737,4.2915,0.5925369,0.93937314
4153532584153659904,-629.7075,14.538281,5138.9746,4.2711,1.353693,0.960433
6710802394738240896,-629.621,14.713921,5658.0957,3.245,1.2004833,1.0434253
4103418557837907456,-629.07495,15.299613,4747.175,3.1867,2.0565157,0.96845007
1813246136228021248,-627.3187,14.820308,5616.817,2.9474,1.2473669,0.9859305
2038062247987954048,-626.75696,13.517019,6171.998,3.891,0.9135866,1.0012277
5959874367214707968,-625.5797,15.491753,4643.9727,2.2598,2.4836369,1.022999
5848315134292110336,-625.05774,14.568339,4905.1157,4.4041,1.0963907,1.3131989
5540434870422980096,-624.008,14.82048,9288.816,4.0376,0.7688961,0.9557329
4039900978036474368,-623.706,14.677286,5946.0273,4.1242,1.0408354,1.2073346
4266565506209236224,-622.4776,15.119292,9060.772,3.92,1.8475361,1.0149443
5890899975525650944,-622.42584,15.256643,5539.267,4.3854,1.4139977,1.0197142
4252777252533917056,-621.9925,14.870154,7799.3877,4.2226,1.1338787,1.0193766
4185142989382723840,-620.59753,14.920013,4859.063,4.4803,1.2709141,1.045165
4064443383213865216,-620.3186,14.989929,6675.7725,3.9293,1.8906851,0.98310107
4070380230599079552,-619.7798,15.81582,3662.5225,1.0263,6.3827543,1.013875
4065635769261688448,-618.99097,15.474748,6093.005,2.8452,2.942747,0.99212706
4076569067991881856,-617.97784,14.12655,6271.055,4.1265,0.95107555,0.9454308
3316400027431911168,-617.46265,14.908233,4977.1523,4.4442,1.406167,1.0626612
4080119803356057728,-616.19446,14.802447,6021.8022,4.3065,1.1922865,0.9874193
6773038390706697856,-616.07184,14.641833,5541.667,4.2812,0.89629936,0.98284525
4198204775204026496,-615.72925,14.982835,5497.156,4.5456,1.5822592,0.9305712
4198695230430276480,-614.4325,14.61239,5790.0293,4.0719,1.1459761,1.017971
4051984473444769792,-613.81323,14.958305,5430.3403,4.4569,1.3001051,0.83809716
4159796742412704896,-613.624,14.925206,5269.2417,3.2999,2.0913363,0.9700996
1858024674993601920,-613.4904,14.900317,5886.0576,3.1331,1.4017124,0.96451384
4103912689617785856,-613.4245,15.636467,4766.1826,2.7141,2.8024416,0.96687865
3168950226744761472,-611.8473,14.685741,6453.3486,4.1818,0.8743191,1.3225567
4145984157633357952,-608.97723,14.709292,6438.9424,4.2373,0.96831226,1.0584838
4200028903659751040,-608.9527,14.647921,5339.1465,4.1215,1.1211605,1.0436496
139417803820690048,-608.77344,14.306107,5873.5913,4.2448,0.8917656,0.97801536
5972707351521801472,-606.4598,14.802415,19687.018,3.823,2.1071882,1.3199744
4077242213988052096,-606.144,15.370414,4732.9175,2.7867,1.9030304,1.3917285
4053398063027453312,-604.11005,14.971632,8166.464,3.8831,1.6690178,0.95144963
5978502980479228032,-603.967,14.576824,6012.8604,4.5454,1.2119617,0.9496677
4252149942395116800,-603.02386,14.578412,6014.8345,4.1905,1.0199413,0.9399368
4266198333749981440,-602.9008,14.619584,15033.221,3.9451,1.5930653,0.8647803
1262757222959819904,-601.39813,14.524196,6387.2485,4.2727,0.6775131,1.035989
2844978988183105152,-600.9019,14.033484,5910.281,2.4595,1.1715126,1.0551904
4145347574767090688,-600.8718,15.193414,4825.42,3.1799,2.3163137,0.8935571
5549885688249112192,-600.8002,14.733165,5176.256,4.5028,0.9988861,1.0605574
2231814647960940032,-600.7731,14.65189,7139.6323,4.1965,1.0352564,1.0311085
1864072676140053632,-599.86505,13.636511,5959.8022,3.4403,1.5165024,1.0165482
97775140947397376,-598.73956,14.833474,4795.186,4.3289,1.2441435,1.0014504
455105802820413184,-598.1185,14.573465,6530.2163,3.977,0.7755451,1.0741823
5254476909954954624,-597.9474,14.52384,11741.681,3.513,1.1466446,1.0115144
2052304943647308928,-597.35315,14.921739,6098.4463,3.3598,1.1998415,1.0765468
1839321466796403072,-596.732,13.727587,4758.925,2.4549,1.5820742,1.0046248
1814351317213585792,-596.6951,14.74574,5702.983,3.3443,1.2085266,1.03553
5947770663985507968,-594.4081,14.793742,5507.003,3.7198,1.186821,0.98267335
5347548060965052928,-592.65,14.789703,5037.681,4.1275,1.1667185,0.9718271
5974111530925532544,-591.79254,15.275823,7218.082,3.2931,1.7862749,0.906656
4050082146490196864,-588.9427,14.761424,4993.557,3.1203,1.7320766,0.8646172
3126279073829145472,-588.90674,14.764806,6757.17,3.8141,1.1154861,1.0670843
2030351922696779520,-588.649,15.837888,6137.5273,3.1708,2.4407225,1.1454077
5861293460374367104,-588.4298,14.638717,7780.4556,4.0491,0.9032583,1.1303891
2699001399207617792,-588.3085,14.365399,5683.6987,3.4798,1.1085882,0.99087286
4082210700824601984,-586.8073,14.595404,5665.6177,3.9897,1.1489325,1.191175
4054515171154095744,-586.7821,14.486315,7930.0254,2.4656,1.6555691,1.058359
1806210670575146368,-586.63495,14.091928,5533.6597,3.4755,1.1019716,0.99597925
2110611048825025536,-586.49915,14.875027,5971.861,3.3495,1.154398,0.93251115
4205310957553813376,-583.5634,14.702496,5323.944,3.0652,1.6507578,1.0439078
1763032952014500096,-583.3896,14.395911,5766.2925,4.6543,0.8764477,1.0466641
54932670371537024,-583.10236,14.807252,5913.2925,3.6153,1.1580753,0.99860895
5893629783719554176,-582.59503,15.130913,6052.6187,3.7548,1.3327293,1.2066835
6735663619660339200,-581.307,14.76983,5861.48,3.4875,1.2044744,0.9921148
4159614704507749888,-580.9554,15.60867,5406.754,4.2667,2.128152,1.0284947
5951206225505379328,-580.4723,14.955412,6700.431,3.8278,1.412549,0.9384024
4262625681219377152,-580.46735,15.43343,3315.8425,4.6162,2.7881088,1.1029826
4761243758998206208,-579.3317,16.17526,2945.4941,5.1555,3.5313349,1.0115796
4053704105217327104,-577.9281,15.427222,5995.1206,4.1094,1.5045176,0.94252783
2098934029183133696,-577.8901,13.555591,6611.879,3.4243,0.7970247,1.032369
2007023447046708736,-577.5642,14.532433,4378.1167,4.7884,1.4647312,1.1103209
4294509388103527936,-577.49634,14.324579,5465.476,2.6482,1.6305847,0.9197124
3342637943988494848,-575.3005,14.65242,6300.1826,4.4371,0.8964653,0.9505626
4084900656037150080,-575.223,14.643846,5795.792,4.0572,1.0374393,0.95513165
6769392448809983232,-574.5267,14.642123,5703.8784,3.8812,0.8471079,0.9137669
3328096249875652096,-574.4599,14.913567,15038.883,4.057,1.6643267,1.0065701
2700880773817080704,-571.59607,14.398901,6099.4575,3.4083,0.94559574,1.0194732
5538704342197989632,-571.46735,14.798651,6131.277,4.1474,1.1039543,1.0292838
1839199077408403328,-570.9133,14.206641,5639.3623,2.8325,1.3979702,0.94650036
5950883003443219968,-570.4485,15.221358,4754.1904,2.5914,1.7827158,0.97581244
1803730786507192448,-569.32825,13.334147,4712.239,1.7216,1.4209986,1.1328051
2069470553527293952,-568.74426,15.252883,6299.612,1.5072,4.1799574,0.84703034
4044956429413389568,-568.74255,14.236541,5877.4688,4.2571,0.8179722,0.8911947
4523833497481180288,-567.4098,14.635565,5958.379,3.3485,1.3544674,0.9994791
4213442636276538112,-566.7322,15.21614,6084.4478,3.3079,1.6760454,1.0093333
4479566884495111936,-566.2175,14.267864,6027.0083,2.6847,1.8244562,1.0448133
5865181024310141184,-565.7434,14.931263,10599.637,3.4131,0.94659424,0.9743114
1789332097623284736,-565.33496,12.0220995,4292.994,1.111,1.788971,1.0561306
5935540181985940864,-565.3182,15.208566,4663.3276,1.879,4.56876,1.0078485
2706810985485718400,-564.74347,14.625163,5752.255,3.3795,0.7640362,1.0956489
4040522884954038400,-564.20105,15.395357,4823.4336,2.866,1.9361572,1.204487
4104597479210419968,-562.4187,15.483696,3849.9678,1.1806,3.222313,0.92371476
4582889778835383808,-560.90076,13.985156,6003.793,3.2353,1.1663742,1.0974247
1336408284224866432,-559.5781,11.734825,6493.064,4.1695,0.62647915,0.95152915
4252259932327059328,-559.42084,14.793081,5254.1084,3.1267,1.7140837,1.3173951
4246534637728074112,-559.13885,13.529688,5775.7305,2.619,0.9112625,1.0294399
4234569477325103616,-558.70874,14.878859,5847.804,3.1695,1.2469168,1.0461519
6233513811690362624,-558.34467,14.562997,5801.92,3.8763,0.8336134,0.94578946
4092585658239785984,-558.03766,15.130798,5116.3843,3.2038,2.1254215,0.97722477
4278009429400051584,-557.2667,14.997692,5944.363,4.172,1.3909235,0.9317374
41438604683295744,-556.8872,14.803086,5825.6084,4.4478,1.2248077,1.017951
4150990375842036864,-555.7792,15.035458,7186.845,4.0396,1.4982634,0.9078754
3058367905643019520,-554.53674,14.301956,6611.251,4.2231,0.67020893,1.2496444
4092236116605533824,-553.9446,14.7200575,6242.145,4.1169,0.9968004,0.93593746
4064436683064865536,-552.063,15.386202,7418.7676,3.2952,2.5769768,1.0388556
4317694789796162176,-551.98395,14.819618,16214.809,4.3427,1.0717411,0.9839077
1794116317529619456,-551.13293,14.314187,5332.166,2.5079,1.3978958,0.89883935
4061098767593354624,-550.36926,15.881031,3906.695,1.3467,5.391489,0.9413075
3048928980572764672,-549.8461,14.663489,5787.3633,4.1426,0.9034138,0.91210866
1878083890238924800,-549.65027,14.675629,5869.691,3.5353,1.0380774,0.9194061
6877768148860165888,-549.1627,14.298704,5905.7856,3.4963,1.2146711,0.9278882
1636461640190203776,-549.1605,13.182412,6395.898,4.2707,0.640769,0.99432886
4289009940173086720,-548.387,13.977649,5465.86,2.9204,1.6569691,1.0004555
3108454134918443520,-547.911,13.767493,6654.4624,3.7598,0.6969204,1.2903979
4584829832746382848,-547.8464,14.368708,5926.077,2.8902,1.3024664,1.0165883
4261270498750955008,-547.613,14.049619,5899.156,2.8355,1.7884293,1.1071097
4076535056203988096,-547.52405,14.770395,5029.5405,3.5635,1.4286995,0.97277516
4481205672192935936,-547.2,14.203312,5242.109,2.2874,1.3317823,1.0366868
5960065987121730304,-547.11633,14.761015,6587.5244,4.2534,0.9883251,0.89736336
4512889577255385728,-546.884,13.856365,4562.447,1.8546,2.31707,1.0278391
4162319327010702592,-546.77,15.495064,6337.0557,2.9443,2.1638489,1.0527041
3424473842824656000,-546.51764,15.078867,9566.455,3.7543,1.52495,1.082398
4289414388617579648,-546.48096,15.328311,5492.794,2.9536,1.590209,1.0979825
446926157864440064,-546.41986,15.326542,8038.186,4.0493,1.6074324,0.9933495
4701069339442944,-545.81476,14.554413,5989.3706,4.3351,0.7570982,1.0838633
1963359469477424000,-545.7977,14.760294,6007.67,3.2011,1.3953161,1.0044034
2190622887939781632,-543.69946,14.577243,6350.0312,4.1771,1.0621119,1.3340561
4502016300569304448,-543.40063,14.843485,6203.518,3.1115,1.2324896,1.0371096
2021768413383992832,-542.91064,15.331182,4532.1357,2.1862,4.087085,0.94432485
4069286693246392192,-542.06256,15.6254635,15008.202,3.8737,2.9342031,1.2016666
1839706467664901248,-541.58966,13.892601,6145.2783,2.7947,1.142518,0.9850118
5334915668838369792,-540.99585,14.729712,18505.186,3.7595,2.08772,1.00376
2051190038849416704,-540.896,13.316986,4502.1797,1.2146,1.5231333,1.0647259
3100272978133607552,-540.89026,14.666881,6383.852,4.1578,0.99758244,0.9824035
3399552758945701888,-540.51227,14.632487,6139.1177,4.3338,0.95655346,0.99993694
4268825513701026560,-540.1831,15.326499,8441.159,2.9267,1.9908085,1.0488242
1363026872322374400,-539.997,12.844596,5356.706,2.3677,1.3309565,1.1181479
2185460028009950336,-539.1666,12.661487,5842.1567,2.2451,1.561696,0.998693
1764117620235296256,-538.9703,14.746433,5258.6245,4.7233,1.0538301,1.1755284
1960323820949315712,-538.7398,14.846682,5336.5825,3.1391,1.6489477,1.0718099
4060130377115396992,-537.76404,15.034357,5714.353,4.5025,1.255702,1.0798044
4262224359455680384,-536.02435,15.692979,4683.344,3.2042,2.301978,0.9272409
4056341936725821440,-535.9274,15.632779,6843.346,4.4838,1.8805532,1.2024885
5306090734527739904,-535.65533,14.832861,6267.834,3.6106,1.1855297,1.0174122
5939147022487245824,-535.41956,15.40363,5207.1685,3.1402,1.8841896,1.0398116
2039036621437094144,-535.08417,13.86391,5719.7324,2.712,1.4620066,1.0528948
4072891824424468992,-534.74243,14.205564,5742.2153,3.0619,1.6054878,0.9249381
4144283659828847360,-533.767,15.730708,7233.485,3.2394,2.687214,1.0654675
6223475236166603392,-533.5356,14.414518,5768.645,3.8726,0.8533001,0.9770106
2838657827116230272,-532.2041,14.496263,5755.777,2.8624,1.447114,0.980667
4579831006208368512,-532.04913,15.003146,5757.1387,3.1784,1.3650331,1.0665045
4041969880997342720,-531.6074,15.125744,7660.184,3.1429,1.5350552,1.0472629
4142999640698161152,-530.7895,15.08292,6048.507,2.9981,2.164711,1.0247698
4315068537573814016,-530.7096,14.646144,5232.6865,2.8191,1.7136459,0.9551579
2076169706088305792,-530.4172,13.928587,5649.945,2.5824,1.4098511,0.9491037
4495872573187521280,-530.26587,14.304287,6099.4307,3.2793,1.1686268,0.96157354
2726872575862585856,-529.1621,13.770656,5675.0933,3.6687,0.8035917,0.97392833
2035368513234355456,-529.0458,14.12961,5435.9863,2.3609,1.9120941,1.0296359
4391181474036311936,-528.9989,14.441648,5974.432,2.396,1.2814169,1.016438
1419627944212442496,-528.2193,14.782986,6084.715,3.3521,1.0471172,1.0001597
1869330021043946240,-528.00476,14.6133375,5825.992,3.1112,1.3148308,0.9823515
4119111062662438656,-527.89215,15.375339,5113.481,2.2489,2.8654757,1.0093229
4250586097567616896,-527.6199,14.239236,6281.03,3.7038,1.1725826,1.0705477
4306730975211133056,-527.5105,15.578752,9132.846,3.5815,2.3858995,1.0527135
4100892773463887744,-527.3537,13.909486,4797.3687,2.7846,1.7678604,1.0026526
4478140886610484992,-527.3041,14.578614,5792.8687,3.3375,1.3739452,1.092522
5951429396355763840,-526.70703,14.902644,6802.7876,4.059,1.2579412,0.97649556
4107197373135785984,-526.63214,15.329553,4591.722,2.3828,1.8497581,1.0469761
386535928381659136,-526.4128,14.435096,6224.2417,2.5685,0.78395367,1.0020046
4153875867981418880,-524.25336,14.83895,6632.5356,4.2425,1.2725754,1.005556
1421352528201172608,-524.06177,14.358309,5825.2085,2.8947,1.1082735,0.9820415
1778657836877668096,-523.6495,13.271617,6617.6855,2.9228,0.67383385,1.1078323
3135758994362616704,-523.55585,14.359944,6607.724,3.9892,0.80112743,1.0080082
4201431914858701184,-523.5135,14.432844,5394.746,3.0246,1.5776968,1.1064091
4532552345513094144,-523.2184,13.201812,5355.968,1.9007,1.6236591,0.97924554
4144608329364675200,-522.9531,14.652655,15005.236,3.7245,2.0698748,1.1602801
4483968813637251328,-522.70526,14.209805,5247.0693,2.6359,1.332181,1.0438548
4105606104932621184,-522.55756,15.2635765,5344.9707,3.1682,1.9213648,1.0838037
1736135392906630016,-521.9244,14.958162,5034.6567,2.6463,1.4793348,0.9920648
1984025890028941184,-520.6696,12.964345,5528.282,2.7079,1.3219986,1.0853361
1955733806578939520,-520.3388,14.078987,6075.0723,3.8225,0.9026661,1.0169339
3449963339856455936,-520.2941,14.584093,5198.708,4.3781,1.0378923,1.04685
4298358365972177280,-519.3513,14.252878,4650.7593,1.9366,1.4575262,1.005296
4058718118800889344,-518.33496,14.491263,6780.9976,2.2908,2.676879,0.9712978
4483438913448863360,-518.1704,15.446785,3435.1648,4.7917,2.8402233,1.0403104
2228292706060074112,-518.03186,13.10211,5021.956,2.1042,1.7810068,1.0427783
2086686259924370304,-518.0099,14.391929,5253.5806,2.8271,1.3630772,0.9913434
1811090955997945472,-517.9964,14.719949,6090.6772,2.9359,1.1825628,0.9606249
1979195323140440704,-517.93964,15.330877,15008.598,3.9972,1.9439411,1.0621367
4607076182787839488,-517.4826,14.775265,5140.0664,2.8738,1.3034372,1.0158721
5526194270695075328,-517.4404,15.645281,8591.423,2.9968,2.6375952,0.94881284
4048087421869545216,-516.70306,12.590113,4604.321,2.0589,2.0298424,0.8166958
1907386149999121920,-516.262,14.529752,5963.291,4.5257,0.8528547,1.0334998
4222925065063265920,-516.1905,14.089128,5877.204,3.1972,1.2057228,1.0149448
4095117352427254784,-515.463,14.789826,7864.6084,2.781,2.3920717,1.1605037
1829590067357676928,-515.42145,14.877906,5863.8228,2.8557,1.395175,1.014422
4167640795787413760,-515.3006,14.82168,15028.616,4.0796,1.8578548,0.981994
6717893660621567360,-515.2042,15.043052,5609.7476,4.4202,1.3948383,1.376818
1767752571315843072,-514.06287,14.596246,5456.7993,3.0489,1.2832155,1.014422
2094315496228816128,-514.00226,14.797727,5056.048,2.9587,1.3744669,1.029211
6914569524592804992,-513.99725,14.07089,5575.3096,2.9316,1.2278624,0.9313451
4610981888606463232,-513.52203,14.042668,5028.6655,2.5424,1.3560219,0.9800502
4071598416445314816,-513.2792,13.675471,5760.0474,2.4152,1.4365673,1.0039556
4169127503008440960,-513.05646,14.311455,5770.967,1.8899,2.5133657,1.0102208
4316824801228928256,-512.9834,14.719824,5625.9883,3.0552,1.5395985,1.0860062
4064583021234987008,-512.9143,15.760539,4687.516,2.9623,2.651085,0.88542455
1962256350072488192,-512.56,14.934999,6053.6255,3.2432,1.384655,1.0011435
2039888566842563712,-512.5187,14.655629,6098.573,3.2114,1.3602829,1.0372832
1950605031514951936,-512.4123,14.760161,5839.95,3.6265,1.1637344,1.0413636
1933767144802035072,-511.85483,14.412191,5849.5376,3.3489,1.2675219,1.0049913
1930110375285749632,-511.76883,14.744991,5839.21,3.7027,1.0828238,1.0559697
3433643048246506240,-511.66464,14.536606,6804.547,4.3432,0.79667187,1.0123733
2089683185023527424,-510.91525,14.769221,4822.6655,2.2492,1.4561396,0.982631
1775026115611202560,-510.62735,13.023253,5999.5723,2.85,1.1567373,1.0229217
4068354204312649856,-510.05225,14.913018,5904.4434,2.2909,2.5190916,0.92552924
4087001612275854976,-510.0054,11.987646,4532.0713,1.7505,1.94983,1.0971501
2838296568826621056,-509.91183,12.7619505,6308.4575,2.993,0.89807796,0.94910574
4517988184445485056,-509.54248,14.853528,5623.7866,3.0746,1.7801504,0.9885986
4236626594855062656,-509.05283,13.813072,5226.7065,2.1418,1.3450518,1.1756176
4051890117195157248,-508.80627,14.445132,5371.1055,2.9679,1.5567474,0.9022431
2237215311638216576,-508.77045,12.290849,5879.776,3.4903,1.0014048,0.9532532
2131639895900709888,-508.61145,14.290783,5495.8584,2.6724,1.3517256,1.0215392
1336662924245986176,-508.56345,14.075603,5912.601,2.9356,1.0742464,1.0543238
1819589390645528704,-508.02594,14.816035,4836.5,2.4399,1.8147163,0.993347
405569402371964160,-507.82043,14.551274,5746.4536,3.1954,1.3952751,1.012219
1800446102893384704,-507.7958,14.583427,5321.8257,3.2015,1.293335,0.9893008
2146636753466611456,-507.75458,13.68981,5269.493,2.5902,1.3595238,1.033954
4066036231963549184,-507.55777,13.916869,6214.3916,2.5108,1.6482964,0.9933801
1863896960443202816,-507.35852,14.256001,6286.9116,4.3395,0.83995724,0.9628622
1956347712023317504,-506.88406,14.475095,4727.8535,2.1655,1.847764,1.0197747
4221356233772893952,-506.36923,14.959527,5695.0737,4.4375,1.1736631,1.03806
1770553439748856576,-506.19272,14.816968,5266.948,2.7329,1.5314035,0.93942875
2239086646068063872,-505.92184,14.107512,4444.885,1.7561,1.9491901,1.0874261
1776283372797846272,-505.4292,13.652632,5581.036,3.0303,1.2687187,1.3423008
6914729297376229760,-504.28973,13.762639,4629.1816,1.8861,1.4703121,1.0747602
6880784899529037184,-504.15414,14.325106,5665.6924,3.2035,1.3270712,0.9511349
5254340673617380096,-503.8934,14.479496,7847.03,4.2269,0.6292486,1.0934099
5166500036775476992,-503.7843,14.601787,5934.923,4.1331,0.7953501,0.9768414
1948301309834807552,-503.56894,14.50156,6093.396,2.4383,1.2517815,0.9709824
4284025750882323328,-503.15042,15.140229,4955.54,2.6408,2.5244007,0.9798542
4513068110465256704,-502.96875,14.570558,6099.5776,2.8094,1.9582663,1.0149676
2044784455929306880,-502.84097,13.87811,5312.219,2.6076,1.6554728,1.0033562
508133427571007232,-502.8336,16.813406,7116.013,4.3597,1.4610653,1.0197728
4223158676923920512,-502.53864,13.930647,5714.56,3.101,1.2405539,0.94853014
1842530528922951808,-502.5166,14.511658,5297.2188,2.9495,1.6078005,1.0517607
2668731259979103872,-502.4923,14.368926,6600.81,4.1695,0.6081457,0.97341716
1876742967089592448,-502.45624,13.195033,6445.216,4.1501,0.74105453,1.0555338
2095628244392589824,-502.4074,14.330244,5593.7686,2.8413,1.3495054,0.9862188
2036711704106665856,-501.96573,13.132974,6086.492,2.5956,1.3193102,0.93968904
4300841166303812480,-501.65582,14.387056,6371.0273,2.8875,0.8413334,0.99085855
531881607411681152,-501.29474,14.870158,6097.171,3.1918,1.9747133,0.9995726
4320494146442026368,-500.82162,14.852209,6097.857,2.8055,2.391261,0.94922256
4198147634969844224,-500.5168,14.786084,5920.738,4.1176,1.0088072,1.0724348
4571574257996133760,-500.25534,14.649227,6161.351,3.2418,1.0879021,1.036415
4051906438069202560,-499.37558,12.252654,5032.1284,1.9818,2.2111387,0.70783484
6767489228539443584,-499.36948,14.680846,6068.829,3.1433,1.1719809,1.0501064
4291684051204242432,-498.0389,14.392814,5918.333,2.9624,1.4329805,0.97083724
2798457105022823296,-497.57162,12.806693,5949.714,2.9688,1.0424795,1.0607901
1809102729743817344,-497.4385,11.472578,5213.4927,1.2978,1.7011328,1.042537
4475481683373683200,-497.43787,14.283289,6014.8145,3.4957,1.1562328,0.9302105
4290535512540047616,-496.9599,13.684245,6067.3896,2.9434,1.4295883,1.0402553
6109700075029614720,-496.59232,15.234598,4215.6157,4.497,1.7526598,1.0747557
4118139648527624448,-496.52728,15.371965,5079.59,3.0138,2.163498,0.96471196
1753644424087243904,-496.441,12.3780575,4358.0527,1.2786,1.7661514,1.0416355
4513247330851716096,-496.39978,15.039319,5149.1973,2.3987,2.9218197,1.050105
6734219621618302592,-496.3723,12.2613325,4723.726,1.6973,1.6840458,0.96515065
1960490465680805632,-496.22214,13.487334,5621.16,2.2811,1.6286411,1.0394803
4289266985366738304,-496.2029,15.112758,4991.4087,3.0974,1.7579813,0.95468956
6753006014700640640,-495.95694,14.869044,5541.068,3.1453,1.2680178,1.0556263
1837458447437505664,-495.94708,15.270422,5301.1694,1.9951,3.0387688,0.9848133
2301463413882932992,-495.87238,13.7272835,15007.773,4.0752,0.72994995,1.0799615
4082549281682141952,-495.8491,13.780608,4949.45,2.5637,1.4211178,1.0495172
1788857727075761152,-495.6606,14.408504,5940.086,3.4378,1.1959095,0.9566866
2620511490348309248,-495.6351,14.105675,5947.2583,3.3553,0.9334469,0.84468716
4511355380549518720,-495.59814,13.358073,4322.4575,1.5658,2.101225,1.079405
556156144090217344,-495.376,13.543374,5715.8086,3.1237,1.0843678,1.0399303
4315477177945552256,-494.71234,14.699058,5048.027,4.2784,1.1565895,1.0016068
4204446462192244352,-494.38153,12.272093,5110.753,1.6643,1.8638754,1.0012965
4116514187992941184,-494.12405,14.724301,5158.435,2.692,2.3506994,1.0348685
2096373575836762240,-493.79303,14.35587,4494.4653,1.9566,1.7280912,1.0705795
4187540375709446144,-493.34714,14.3816185,5962.1387,3.9522,0.91124725,1.0678306
4521043418020352640,-493.0315,14.663516,6090.159,2.8527,1.5911694,0.9775968
3973665263648039808,-492.93726,14.427618,6025.4067,4.3064,0.7030468,1.2009015
4110726942902961024,-492.91562,14.313261,5157.1777,1.5889,2.5178528,0.96587163
4051791715304403840,-492.8837,13.249982,4515.0405,1.8126,2.2661963,0.83088285
2243404015914679552,-492.86383,12.384263,4932.045,1.4413,2.1265726,1.0829769
4210929599375597568,-492.6872,14.832881,6198.1772,4.0451,1.1080408,1.0218011
1775457326032014208,-491.8074,14.478817,5956.7603,3.2467,1.1624022,0.95110875
1897967802114581888,-491.4457,13.185541,4382.924,1.7176,1.76262,1.0757691
1858802407673176576,-491.43085,15.008094,5739.18,3.4428,1.2897348,0.9844966
4103698662818526848,-491.18518,14.019359,6680.685,3.971,1.1862059,1.3100497
2102971951274815360,-490.9832,14.783338,5825.6787,3.4291,1.1158829,1.0287323
4076862362725615744,-490.5789,14.663206,5373.0874,3.1308,1.5705948,0.93453324
2626144254057562112,-489.89578,9.716746,4557.21,2.2691,1.3020401,0.9895067
2100967507219048448,-489.65872,14.070743,4731.0317,2.0881,1.7595091,1.0263051
2047635695739123200,-489.52997,14.72454,4672.03,2.2447,2.516901,1.0327764
1814141585370448256,-489.51047,14.819081,4741.484,2.346,1.3543072,1.0216669
6227417809988820608,-489.3368,14.939891,5394.2637,4.6023,1.3695087,1.0942899
2005431663452652416,-488.8593,14.597678,6328.35,4.0914,0.99000835,0.9528242
4093139228031195392,-488.76566,15.538085,4690.7393,2.4439,2.75589,1.0422792
4587316786309054080,-488.71274,14.854814,5720.6304,3.0468,1.369853,0.9694955
6770169597372454144,-488.63303,14.395139,5871.0737,3.0868,1.4831953,0.9586691
2881565645618171520,-488.61804,13.529116,6469.403,3.2341,1.0841036,1.0039585
4561446244076029568,-487.6439,14.493139,6130.88,3.5094,1.0314283,0.9950538
4519794132297373568,-487.50888,14.843617,6073.3984,2.8295,2.0782185,1.0675163
2764036756076969472,-487.5079,14.629609,5987.24,3.6464,0.9855528,0.96368504
4038148597023946880,-487.37048,14.417197,5873.4946,4.0869,0.8554621,0.94162107
4551368635893771008,-486.92206,13.998331,5849.753,3.5047,1.0345631,1.0217912
2094934830513060992,-486.8841,13.594043,5023.701,2.2053,1.1530142,0.99145776
1731787511611381248,-486.79065,14.393517,6312.268,3.4437,0.95303345,1.0702142
2276980317885045120,-486.67383,15.034013,5306.1074,2.175,2.3570642,1.0354257
4051242264331489792,-486.5193,13.796115,5406.377,2.3766,1.6834555,0.8444503
4154198510243683712,-486.30453,14.115465,6052.6787,3.7176,1.6155844,0.9981723
4047458608651575808,-486.279,14.914319,4614.118,2.6296,1.511632,0.9396177
1807733421152887552,-485.81256,14.362594,5452.79,2.4179,1.5869112,1.0385312
5236532983271625984,-485.62708,14.150797,6281.13,3.9152,1.0973368,0.98908544
6732082308435305216,-485.58936,14.457517,5589.3057,3.2929,1.2619524,0.9698328
4370759454304844672,-485.43716,13.847798,5887.5605,1.9216,1.6962328,0.98407674
4351668908784196992,-485.38687,14.686904,5774.345,3.4598,1.3703794,0.98551637
4585248815395991040,-485.2525,14.5635195,6098.982,3.0022,1.2296886,0.9857658
1744982235260981376,-485.23077,14.0340185,4487.961,2.1139,1.7380524,0.97803783
2689851607038704640,-484.8783,13.799413,6094.888,2.7917,1.1635857,0.94558203
2841163717194436480,-484.84763,13.917856,5953.3438,2.5639,1.138051,0.9554928
1693625558955856384,-484.80884,14.852303,4921.0913,2.1282,1.1381807,0.98626906
1804742616378147328,-484.2003,13.750632,5699.265,2.2738,1.2636175,0.9483887
1902448655595439872,-483.7633,14.059413,4982.62,1.7939,1.1353226,0.9865121
1422701255307715200,-483.71063,14.6558275,5998.041,3.4919,0.96522236,0.98097205
2135239284655678464,-483.51657,14.585731,6195.3877,3.4613,1.0116568,0.9746202
2195442837674692992,-483.49484,15.290736,5249.196,2.7961,1.824997,1.015454
4105613840215941888,-483.38403,14.659969,5828.03,3.1561,1.7503633,0.9611127
2713575597632679296,-483.22037,14.385199,6278.796,4.2033,0.725111,0.985698
1823763995773310464,-483.21048,14.826376,4401.302,1.9392,2.4976988,1.0752338
6736531791489872768,-483.1112,14.759122,5472.6157,3.1903,1.2702904,0.9239755
4096808813670753024,-482.7492,15.353123,5165.5337,2.981,1.8873253,0.96142673
2043980781626220160,-482.2719,13.762609,6260.54,4.0689,0.7442379,0.98651075
6914342505506697984,-482.159,14.66249,5786.2134,3.3412,1.1941624,1.0434705
4513439053855925632,-481.9548,15.1338,7335.4624,3.9779,1.7912436,1.048618
4102337845313556352,-481.82886,14.58664,6146.1826,2.9534,1.8966894,1.0073031
4153591201888774528,-481.82355,15.153792,7997.282,2.9189,1.5381565,0.8435465
3249295561476465536,-481.7886,14.516162,5845.0854,4.3376,0.83523464,0.9875859
1747784134486704896,-481.57104,14.863957,6098.5435,3.3049,1.1827631,1.02307
6903920307800787072,-481.4094,14.381649,5653.972,2.6116,0.92025566,0.9852671
4216536455832469760,-481.3083,14.455992,4728.77,2.4594,1.6216364,1.0631092
1300599045934445696,-481.30823,14.684964,5725.5884,3.3493,1.1652889,1.0530957
4265125931960802048,-481.28342,14.860896,4844.5093,4.2365,1.6349287,1.3368131
2092021330860584832,-480.6996,14.777345,4649.72,2.4245,1.4614544,1.0149592
4056316510490545152,-480.5803,13.377437,4610.771,1.8085,2.4050283,0.7520993
1324557816619886720,-480.562,13.761085,4487.2983,4.7966,1.3458023,0.9652855
4113490019951656064,-480.19287,15.069822,5179.499,3.2298,1.5870333,0.9072481
2299700832320032896,-480.1048,13.980886,5635.3174,2.8407,1.2987318,1.0253946
4047997502431811712,-480.05692,14.846699,6005.411,3.2928,1.5745487,0.858341
4115536004922197888,-480.00507,13.823084,5443.4224,1.9893,2.6024084,1.1206665
4195091649763963520,-479.9649,14.181927,4949.3276,2.5825,1.5093517,0.88602144
3443793877033750144,-479.85126,14.830424,5966.392,3.7557,1.1282473,0.98999834
4121127330776905216,-479.846,14.338477,6181.5537,2.4884,1.8984194,1.0013139
2730196708751048704,-479.80112,14.323463,6013.8604,3.4914,1.0469799,1.0625542
4088685724817302016,-479.10593,14.61335,5112.243,3.5393,1.3601484,0.9944079
4104606378410997760,-479.0912,15.358116,5140.902,3.1566,2.0590782,0.8928043
1750457528289595520,-478.89392,14.650876,5232.072,2.7525,1.3244009,1.0182774
4274953783501344384,-478.73627,15.412694,5300.971,2.9943,2.557168,1.0049487
4103053661787952896,-478.4381,14.868234,6381.2134,4.0422,1.1159906,0.9966633
1786214294964452992,-478.16962,14.701831,5537.7866,3.0388,1.3330317,1.0732969
4102587503176786432,-478.035,14.655853,5587.704,3.2102,1.6167831,0.9427197
4317494987913315712,-477.80438,15.0600815,5291.9404,2.994,1.6667461,1.0179343
4178588564348729344,-477.39206,14.704881,5079.925,2.709,2.1748219,1.081947
291927350856672768,-477.3689,13.67543,6324.3633,4.2231,0.80224705,1.0088743
2260090238735177216,-477.15646,13.725121,5890.4863,2.2409,1.2533064,1.0238098
4120085852826552576,-477.06717,14.980171,6098.657,3.4108,2.0065231,0.9875994
4589154246336500224,-476.7478,14.847081,5499.8423,3.1732,1.3084793,1.013407
1357858725290364800,-476.6822,13.9520235,6141.0596,3.5121,0.6969347,1.0741855
4212985956692883200,-476.36703,14.252733,5950.3965,2.9588,1.7019339,1.0626048
4102885608315925120,-476.0758,14.267097,5023.8423,2.1505,2.561573,0.95078504
343584709232944128,-475.54196,14.418253,5726.6226,3.5875,0.9811697,1.052468
4276402630582499200,-475.31894,14.031636,6021.6304,4.5146,1.3786955,1.1020423
1967044242179784704,-475.30243,13.306259,16749.373,4.1863,1.4855337,0.96129805
4101036710735662208,-475.26675,13.979095,5262.295,2.7874,1.8919649,1.1089774
4061654575057341568,-475.20715,14.241806,9799.696,3.5154,2.5191813,0.9450237
4219507782923439872,-475.143,14.256705,4496.8247,0.9037,2.1522884,1.0774734
4484518535085887488,-474.8686,14.209188,6070.655,3.4669,1.0824108,1.3811355
1929893118659494656,-474.66925,14.098614,5653.038,3.167,1.2822905,1.08572
2238909968293312256,-474.4114,14.615718,5904.7285,2.8902,1.264637,0.99900186
4188122120438886016,-474.3709,14.29957,5713.782,3.3068,1.3679485,1.1744031
4116238077466774784,-474.15765,14.2189455,5514.9385,1.9659,1.6202784,1.0093399
4090146116755148544,-474.15353,13.289469,5323.611,2.1865,1.9561768,0.8287303
4064732619160920960,-474.0841,13.270506,4809.702,2.2826,2.2846384,0.80558234
4055975524448093312,-473.66635,14.940731,5744.801,3.2008,1.4824076,0.9636701
2115646434121437824,-473.53494,15.674922,3407.3132,4.9257,2.65763,1.0663799
4154424666039271680,-473.4642,13.82899,6299.1655,1.9154,2.9086123,1.0385714
2871214916170530944,-473.41107,13.851081,5953.3403,2.4213,1.1529274,1.0052794
4058697846523360640,-473.3658,15.863558,4405.4043,2.1619,3.047432,0.9351968
2700196946304000512,-473.00516,14.054983,5419.2886,2.2854,1.5365467,0.96615016
2841983781070423680,-472.9387,13.987885,5975.5176,3.2719,1.3298559,1.086593
4048926388012220928,-472.85312,13.137453,4660.538,2.0678,2.0136967,0.7971721
4472610858514079488,-472.6461,14.625026,5891.4175,3.2059,1.5027285,0.9973096
6748638857594184704,-472.56714,14.552607,6061.8467,2.6,1.2532434,0.9794267
4106520490659359872,-472.45493,14.154167,6231.9585,2.6175,2.5119486,0.98453444
4144110387979762688,-472.31427,16.184443,3548.634,0.9037,5.125127,0.9940227
1969190591960434432,-472.02353,15.188684,5803.5225,2.7667,2.0955706,1.0254624
4077631608549502464,-472.00833,13.465627,4694.454,2.1369,1.9746885,0.914991
1735241799189446144,-471.98715,14.086026,4395.3354,1.4986,1.4952106,0.9834896
273356049711543936,-471.9454,15.151144,6091.1587,2.9203,2.090559,1.0083517
1987089163786077696,-471.94437,14.462634,5580.776,2.6985,1.3639917,1.0511836
1948410470722322048,-471.9314,13.272294,5185.7583,2.2249,1.7192574,1.0135092
2290507128406106368,-471.78143,14.599251,4306.957,1.6277,2.2509947,0.9888499
4590333399536769920,-471.64627,12.914636,4631.5684,1.4587,2.0008202,1.0140439
4093101294873027712,-471.46582,15.026117,7405.1323,4.0401,1.3152161,1.0248036
5341408044467156352,-471.32977,13.915885,6285.6177,4.2729,0.77086735,0.96189773
5972276033710147200,-471.2848,15.727247,5106.874,2.6836,2.5727901,0.9923728
4227521019370523648,-471.28278,14.836446,5674.5825,3.581,1.1184664,1.0706254
2245531536553632512,-471.25858,14.4300165,4989.074,2.5465,1.8257227,1.0215827
2120568707161401344,-470.98206,13.083989,4120.9775,1.0732,1.6712465,1.0387064
6907621744977249408,-470.7206,14.200001,5617.7695,2.3557,0.90889645,1.0609454
4244560979998137088,-470.67273,14.652544,4538.198,1.6433,1.4936638,0.9514099
462502114462474752,-470.57318,9.405766,14562.971,3.8859,0.56658363,0.96853936
1858661360947674496,-470.53586,14.5688925,5426.5586,2.4376,1.5277319,1.0053375
3351518188305996288,-470.37317,14.548402,7255.777,4.3911,0.7452898,1.0128291
6875328951030456320,-470.35248,14.74582,5583.123,2.9712,1.2826796,1.0187594
1902459238394867584,-470.20093,14.476921,5862.51,3.3767,1.1572351,1.0927091
1993050166075005184,-470.01044,13.725733,5177.6,1.9992,1.6643429,1.0130609
2791028598306977408,-469.92264,14.613624,5884.339,3.5701,1.052414,1.0910597
2600548688514988800,-469.70248,13.104723,5791.775,4.6822,0.83627605,1.0868272
4090158275804210176,-469.55838,14.905925,5488.9355,2.9524,1.6052103,0.9234276
3453477756974729344,-469.4424,14.837646,6198.4424,3.6868,1.1331339,0.9836761
5889871657305264128,-469.41098,14.727819,7020.408,4.0662,1.0262012,0.9545418
6734048166524858240,-469.40155,14.248635,6097.2944,3.1077,1.1725826,0.8891419
1831350243717503488,-469.2844,15.100746,5318.128,3.1384,1.5879879,0.95736754
2133374822170492672,-469.17377,13.992526,6098.0913,2.574,1.2496376,1.0243667
4596969437545159936,-468.99203,13.421173,4248.194,1.5589,1.6315708,1.1131991
1816060027006872448,-468.65213,14.785614,6148.663,3.3944,1.0220356,0.96040714
2631806803364748416,-468.59094,13.53276,5008.3223,2.6017,1.3799257,0.9697121
4478677860603752576,-468.4423,13.923999,4770.955,2.3679,1.9883213,1.0452768
4323071161124213888,-468.24124,14.403633,15020.879,3.4456,1.6596737,0.96847713
4136789977012829312,-468.11835,14.630068,4797.3687,1.7629,1.7519903,0.9904491
1954635360102292864,-468.09164,14.540262,6094.8413,2.4327,1.2738409,1.0029364
1948865535397293056,-467.9023,13.944785,5784.022,2.8014,1.3816519,0.970669
5953986757289103104,-467.69968,14.313243,5136.5825,4.3965,0.97196674,0.92701286
2090386357069123584,-467.60583,12.372096,4936.967,1.6652,2.078413,1.2311493
4150211440558143744,-467.50473,14.976756,6255.0776,1.9888,3.5860596,1.1095668
4473224729599114496,-467.3775,14.693809,5741.594,3.1454,1.4772863,1.0030407
4049411783623341568,-467.07822,14.612013,5373.937,2.9162,1.5047655,0.9578158
2725342090036390656,-467.01337,14.915791,4699.0205,4.554,1.2926006,0.9979035
2300724271486887296,-466.8165,14.623575,6064.1064,3.1762,1.2714586,0.9424032
4061358084911032576,-466.8073,14.988414,5016.9077,1.7974,3.7279158,1.1041266
1406661407882416640,-466.51352,14.228446,5779.5303,2.6327,0.8165283,1.0142022
4204515770118569088,-466.4656,15.265602,5152.0503,3.012,1.8381119,1.1353068
1857942245977198464,-466.31723,14.956558,5417.6553,3.0929,1.3919535,0.9656453
2044034520258019712,-466.3143,14.667229,5993.5513,3.2714,1.1988792,0.9657625
4053484241647892224,-466.18344,15.012331,9002.93,3.2778,1.9631119,0.9200686
1347157556574616960,-466.18173,13.010733,4579.7593,1.3468,1.781682,1.1690859
4045002913792599680,-466.1607,13.845625,4982.626,2.564,1.433589,0.9026684
2045333593272547840,-466.10846,12.8906,4520.584,0.7712,1.8739424,1.0366964
2026002426506555264,-466.10577,14.350772,5249.2104,4.7268,1.1323929,1.0872967
6735955716104737408,-466.0268,14.803439,6034.5103,3.5007,1.1698961,1.089445
2001852370833927552,-465.9871,14.135991,5808.9253,2.6754,1.5148735,1.0210971
4113966692588543616,-465.6344,15.224357,6346.9814,3.2964,1.9885502,0.9733189
4119278394584604032,-465.5445,15.107609,9229.558,3.6621,1.7232771,1.0519884
1822498870189261440,-465.45615,13.329406,6097.348,2.728,1.445571,0.9362274
4066429371767878528,-465.45288,15.437443,4560.4136,2.4066,2.578127,0.9090636
1977244239754719872,-465.24188,15.179966,5228.724,2.861,1.8362417,1.0103518
4109279543291622144,-465.17114,13.762119,5849.9683,2.3131,1.6499472,0.8734046
4043451399808960640,-465.13358,14.20177,6151.5903,1.9092,2.6330585,0.7956256
6022058793466686592,-464.76804,14.566404,5412.9316,4.2866,1.2659864,0.8892778
4501463658534543360,-464.67236,13.942532,6102.9375,3.068,1.0473461,1.1030746
4566389201677218560,-464.6429,14.4738655,5934.255,2.3785,1.1523094,0.99441123
4093874247142616448,-464.50836,14.935519,5745.608,4.0049,1.2104168,0.9948201
1868338334578537856,-464.43756,14.679641,4579.835,2.3113,1.8132057,1.0442033
1737803833081448832,-464.3213,14.563715,5311.5454,2.9672,1.3126211,0.99602216
2109045756583632384,-464.1826,14.7772665,4991.984,2.8767,1.3527966,0.9988491
448916480071918592,-464.13223,14.801932,5286.934,4.7436,1.4469004,0.9389715
2153245539904257152,-464.00574,14.928868,5566.2114,2.9488,1.248209,0.95443636
4523454440848222208,-463.90085,14.916675,5142.4653,2.8924,1.4710865,1.0425941
86969484266979328,-463.89584,14.369525,5784.206,4.4966,1.1694584,0.9487271
4050406120096599808,-463.89334,13.080679,5454.278,1.711,2.063488,0.6349428
2110672655835482496,-463.8731,14.515985,5836.2393,4.6276,0.80168056,1.1051975
6897691918026155264,-463.74762,14.724967,5784.924,2.9679,1.3446655,0.9444081
4051200624673019008,-463.71347,13.943349,5126.061,2.5872,1.6912699,0.9490878
5997853903980270592,-463.45255,15.341869,5029.223,3.5024,1.8616257,1.0751598
4489773925785791104,-463.42023,14.652924,6067.4966,3.3014,1.3365088,1.0231599
3109545090970583936,-463.07825,15.005255,5268.0874,3.503,1.4735146,1.0909468
2136021071782071552,-462.94867,12.94246,5080.2427,1.7294,1.4287186,1.1510383
4065138338951367552,-462.9413,13.978662,4634.6514,2.1121,2.66813,0.8246556
4107777919690189824,-462.9392,14.05471,4997.633,2.3685,2.4313602,0.9349179
4276011921701784448,-462.92377,12.727052,6750.9927,3.2613,1.2276049,1.038368
2088373769758097280,-462.7964,14.682396,5824.892,3.1138,1.3060093,1.0716238
1767506589948985600,-462.60245,14.506313,6120.764,3.239,1.1395512,1.0601923
4135981694202619904,-462.5932,14.7857485,5652.9575,3.3433,1.5899792,0.9999277
2606691007144310016,-462.4896,12.742004,5911.559,2.9423,1.1394281,1.0423666
4245330225818407552,-462.40854,13.286722,4347.999,1.2574,1.591815,0.94886374
4044164781063282944,-462.18842,15.651071,4891.5386,2.3631,2.9396343,0.97704566
4052009379843230208,-462.0855,14.703147,5150.9756,2.9559,1.5652418,1.083088
3398889925233335424,-462.07413,14.978588,7911.2324,4.132,1.3260508,1.1176687
4049002254332333824,-461.9686,12.789089,5219.3975,2.6143,1.7281771,0.72174907
6760280349292297984,-461.91913,14.871916,5790.9736,3.1948,1.2987375,0.8953331
2638683393898666752,-461.46478,14.418215,4306.6733,2.1009,1.8477831,1.114509
4198170655977611136,-461.37137,14.763833,6063.877,3.1904,1.36899,0.97366583
2714270656484093056,-461.1538,11.883511,4653.512,2.2064,1.244236,0.8520108
6734285970274505728,-461.10187,14.831618,5065.694,2.4438,1.1308489,1.059307
1801460432432460800,-461.09164,11.904265,4726.2627,1.8354,1.9196138,1.1621842
1731869150349895296,-461.04037,14.662595,5692.848,2.7983,0.96694183,0.9197908
4100121367314977920,-461.00406,14.929309,5407.5405,3.067,2.0318422,1.0584636
6844402850035891072,-460.8972,14.222166,5850.4404,3.2382,1.0576591,0.94182193
4254218231185500800,-460.6368,15.316638,4936.5796,3.3543,1.7399883,0.9204188
4276668467582180864,-460.55905,15.133024,4958.09,2.4157,2.7014236,1.0959246
1817992968443820672,-460.38644,14.74727,5365.8154,2.8044,1.3816042,1.1061544
1430794485521330304,-460.28635,13.182696,5558.019,2.231,1.1811285,1.0378176
4135236676312754304,-460.03616,14.419758,6039.077,2.8756,1.6588974,0.95327973
2100729806547035520,-459.97635,14.349374,4580.1567,2.2963,1.8737907,1.0364472
4247020793676979968,-459.9555,13.418865,6032.3706,2.8476,1.3263607,0.9161787
4240890256130243072,-459.73517,13.380864,5479.536,2.2134,1.5565948,0.97693044
4043886054868847104,-459.6553,14.73005,5429.75,2.9633,2.1466398,0.91354185
1417970400369978496,-459.4764,14.113756,5630.92,3.0711,1.192359,1.1530186
1807001906630207488,-459.35986,14.81999,4736.4683,2.4767,1.6616898,1.0282571
4217297352236046848,-459.25864,12.890728,6021.611,3.0948,1.2465448,1.0681309
4049661338409178880,-459.21222,13.629739,4889.1196,2.4109,1.9415436,0.7731338
2837109989621061376,-459.18167,13.015305,4164.0176,1.0546,1.5616503,1.0014666
4248152740897574784,-459.05777,14.65116,6093.9214,3.1786,1.268466,0.9836241
4064964306885046528,-458.90652,14.002763,6622.352,2.2145,2.7323103,0.8497366
1738644753317062784,-458.86154,14.7018,5086.583,2.5583,1.1332483,1.0024045
4578764514288825856,-458.5952,14.878424,4941.0938,2.7402,1.569191,0.9761375
2781414258179583104,-458.4827,14.472132,5679.4814,3.2996,1.1867876,1.009073
4235350577256766592,-458.38232,11.554532,6235.2715,2.587,1.4278545,1.0556941
4124283302794859520,-458.31528,12.806499,4669.9604,2.0318,1.9729462,0.8701951
4499127574282059776,-458.19785,14.402894,5940.546,2.575,1.3185778,1.0579239
4116910257093311232,-458.18524,14.729454,4684.8354,1.7729,2.6586199,0.93499076
6736517326040072960,-458.1607,14.957161,5558.8643,3.2881,1.2645512,0.97046816
2151298747189958144,-458.09476,14.212731,5946.4453,3.0426,1.1812878,0.9609279
4080026207432802688,-458.03113,14.836887,5326.768,3.0593,1.7848253,0.93123233
4285384987752601216,-458.01987,15.423718,6604.9717,2.6585,3.385086,1.0505106
4049254725263270144,-457.99908,13.741258,5309.295,2.5676,2.0687675,0.83527136
6909981262569726208,-457.9889,14.903404,6020.322,3.4525,1.1809702,0.9859195
4597228063295457152,-457.96753,14.450866,5769.301,3.2736,0.9977932,1.1245456
4091465496426567680,-457.962,15.607208,4725.6143,2.4961,2.3385258,1.0092107
4199178981178613888,-457.9013,13.807428,5624.2964,2.8081,1.7732162,0.98525673
1625129935915480832,-457.69147,12.487009,5664.3486,3.4243,0.94532776,1.0966467
4160804616640544256,-457.64087,14.731938,8128.4985,4.1106,1.4996862,0.9840653
2728159313704841216,-457.59665,14.819731,4581.628,2.5271,2.1373663,0.9660072
4181131940902104320,-457.5803,13.664444,4935.336,2.4712,1.6738853,0.9580518
6864012433764126848,-457.47656,12.70108,5030.1367,1.8113,1.48244,1.0050639
1804902904559399296,-457.4717,15.031795,4795.678,2.8046,1.6173477,1.1029555
1736496818696524544,-457.26782,13.609873,5557.387,2.7293,1.3098402,0.93415606
4162249477977559552,-457.06335,14.543912,4660.4585,1.8415,2.246788,0.9701133
1732199965910828160,-456.92645,14.760575,4976.1226,3.1308,1.3674822,0.96155035
4135041994043242752,-456.70285,14.501502,5253.1426,2.1085,1.326747,0.9983587
4045597405987766784,-456.5968,14.554389,5866.7754,2.9616,1.2859154,1.0162795
1843654573407628288,-456.40985,14.896218,6106.0205,3.4704,1.1744642,0.98818624
6763126808778337664,-456.3853,13.690131,5036.1523,2.6647,1.434125,1.086422
4262490883616923904,-456.28546,13.984832,6091.152,2.8303,2.0953093,1.0413179
4479529501098582912,-456.24167,13.737584,4798.504,1.9148,1.8557215,1.1108323
4167495827751963776,-456.19907,14.762586,16058.948,4.1783,1.567256,0.9786782
2062772259983878016,-456.1874,14.478462,6109.075,1.7971,3.0777483,1.089114
1129315853248298112,-456.1312,14.727102,5569.485,3.224,1.1181049,0.9742412
4331137762517690624,-456.10107,14.886199,5530.519,3.1444,1.7874861,1.0512149
6901673112193397248,-456.07288,12.882305,5968.459,2.7498,1.1955757,0.92261654
1817272238573376384,-456.0175,14.840437,6053.283,3.2326,1.1605549,1.0137668
5941419644300319488,-455.97635,15.214656,9593.866,3.46,1.7842894,1.1756986
1950647190911088384,-455.97336,13.940738,5274.286,2.5828,1.6484547,0.97732896
4051189801426155648,-455.6311,13.924819,6052.393,2.9857,1.385417,0.82206416
4083485240954789120,-455.4359,14.749083,6114.8057,3.4884,1.1935072,0.9402097
4500206023389920896,-455.3764,13.443043,4616.442,1.3852,1.8413734,1.0263649
2710020013250580480,-455.16583,13.745239,5474.782,2.4159,1.4344511,1.0568535
4171724244545068032,-455.11417,14.738876,6035.809,2.8807,2.1985626,1.0412586
4513968747918020480,-455.1123,14.075701,5548.1387,2.4931,1.9268408,1.0596211
2737974546631446656,-455.07233,13.869421,4438.4185,2.2299,1.6769333,1.0900688
4125344988658996608,-454.65463,13.766738,5036.412,2.6372,1.6876802,0.98564154
4065077457842363520,-454.5181,12.953212,5183.9365,2.2624,2.2098722,0.81017035
4555118417223422720,-454.43896,14.465572,5238.061,2.8312,0.99274063,1.0039072
4225198408431380480,-454.36804,14.433587,5535.209,3.2154,1.3048058,0.9663544
4272780804918643328,-454.25763,15.720684,5767.081,2.4697,4.175765,0.95901287
4562261394508834560,-454.24756,14.674429,5966.4673,4.5279,0.8937912,1.0411973
1636674258250899584,-454.2203,14.514283,5958.392,3.1131,1.1062078,1.0557554
4043026438568302592,-454.14154,14.926463,5789.775,3.1072,1.7793741,1.0666634
2117987431816799104,-454.02615,14.071175,6011.7183,2.6293,1.1725626,0.96240395
2188757119785149184,-453.98413,14.972409,5807.678,2.8084,2.4843407,1.0065635
1793704206827697152,-453.97586,13.321836,5970.91,3.0143,1.1641073,0.9756944
4145219176791968384,-453.81485,13.779781,5539.5806,2.086,2.4060488,0.9723241
6684739983429954944,-453.77747,13.4409075,5626.236,2.7483,1.2279215,1.0351743
5972111033921617024,-453.457,15.498852,7770.561,2.2973,2.450759,1.039681
2033666331807252096,-453.23508,13.242537,6259.227,2.0729,2.1926394,0.97785485
4069374727231321856,-453.2046,15.741217,5839.489,4.1093,1.9921274,1.2538826
4524139539675779712,-453.19415,14.1678295,5593.3174,3.1898,1.5141602,1.0750756
1773791600277111808,-453.17392,14.532274,5357.644,2.9151,1.2268629,0.9522887
4524880404355758464,-453.04044,14.656786,5948.538,2.502,1.4082518,0.9875217
4082459289224178816,-453.0058,13.593216,6099.484,3.1406,1.2355461,0.8979629
4202905157383505792,-452.77545,13.870622,4573.4956,2.1384,2.1274357,0.94262564
4259405658347212800,-452.69098,15.134598,9219.318,3.679,1.6304817,0.983966
6733529643698627200,-452.52472,14.63782,6059.3677,3.4129,1.1297884,0.9938064
2837552371252620928,-452.49466,12.781943,5134.888,2.5843,1.1239872,1.0086036
4368599321971720064,-452.43716,15.316682,6092.54,3.0419,1.9392424,0.9892161
6876842944182757248,-452.39655,14.634619,5094.089,2.4803,1.140749,1.039208
4208455457684037760,-452.32852,15.262566,5865.703,2.4323,1.8403416,1.1386209
4169118195817921536,-452.03717,13.860256,5384.689,1.9724,2.5033836,1.0468794
2044070357465314048,-451.8989,14.99497,4947.4316,2.5277,1.3970366,1.011175
4051403347201077376,-451.8738,13.950354,5780.654,3.0025,1.6191473,0.85301983
1820285484568806400,-451.8696,14.220205,6348.4976,3.1559,1.492095,0.9576436
1831775999543588352,-451.80014,13.421813,5763.4287,2.3697,1.8433809,1.0192149
1859662466282976256,-451.64993,14.949239,5731.507,2.9422,1.4366465,0.9974531
4123374011063639680,-451.6361,14.703354,5324.099,2.9284,1.7552528,1.047935
4396747992168479488,-451.51056,13.590293,6015.1943,2.6227,0.9143591,1.082604
2062355338916024448,-451.48138,14.942682,7156.18,2.1891,3.273861,1.042074
4247338861773271296,-451.2104,14.482677,5255.265,3.0115,1.2726793,1.0256284
4553759966304965120,-451.17975,13.2833805,4457.9883,1.89,1.7896929,1.0758955
4503716386099882240,-451.1547,13.517276,5778.455,2.3981,1.7608156,1.0011994
4119407827717800832,-451.10977,12.761806,5788.866,1.9055,2.6627808,0.8386694
2038009505791625600,-451.01038,13.708909,4988.6636,2.3665,1.8804083,0.9854587
4569158940189096960,-450.9602,13.215662,5588.293,1.8725,1.289999,0.9957359
4045961520513740928,-450.9486,14.628029,5825.7456,3.1487,1.4679327,0.90100586
4303779679847550336,-450.85178,11.505264,4647.1606,1.5953,1.5529203,0.9189162
1808829982139711616,-450.8224,14.924769,5712.1323,3.026,1.3143263,1.013431
1140145286868945024,-450.79114,11.458007,5625.7847,2.7384,1.1971645,0.93435496
5974595586602728704,-450.71936,14.521543,8316.338,2.6852,1.836029,1.3247925
485600070620033280,-450.69763,14.0054035,5951.8994,3.541,0.9813185,1.1363304
1951914446781233920,-450.60593,15.044505,5240.7705,2.917,1.7519608,1.021156
4052345899124656640,-450.5997,13.205535,4799.255,2.2699,2.0006027,0.73189473
4120822353766650368,-450.53268,15.264124,4938.0483,2.557,2.6655302,1.0000315
4488929844454491008,-450.44315,14.714603,6284.0854,4.0395,0.926775,1.0151765
6860781175247067264,-450.44168,14.028125,5952.0005,3.1258,1.0386162,0.9884495
4042921847520290816,-450.41245,14.755764,4473.907,1.8365,2.3706656,0.93302625
4275302397406270592,-450.38312,14.859916,5345.716,2.801,2.0230932,1.0434836
2047046254429867008,-450.37595,14.1331625,4689.632,1.9102,1.8475332,1.0823977
6909797678487209600,-450.35754,13.7991295,5069.667,2.4193,1.4830589,0.9691365
4045721753887625216,-450.23715,14.642982,5330.735,2.8781,1.6608915,1.2186953
1431727077540011136,-450.20316,14.457763,5781.3613,2.9423,1.1937017,1.0496472
4051923347493504000,-450.07697,15.158983,5237.7334,3.3661,1.6009331,1.0108345
4058551955068244992,-450.02176,15.554703,7087.202,2.3044,3.2437992,1.0287278
4158054428817951104,-449.82083,15.407017,5186.043,2.9638,2.5223885,1.0264341
4136271969579706240,-449.79587,14.59015,4950.4556,2.4939,1.7060947,1.0977123
4050705393419340160,-449.77924,12.85119,5085.1426,2.1504,1.9213743,0.7320929
4149045855200750080,-449.7232,14.680009,6040.1084,3.0755,1.7148781,1.0269475
4586277305442366720,-449.53946,13.758235,4498.516,1.6924,1.7573853,0.9688906
2658818131862945280,-449.52213,15.540587,3656.034,4.8278,2.274704,1.0112345
4376103355689190912,-449.48877,13.277245,5709.6494,2.8298,1.493701,0.9892897
4382236637706083072,-449.43823,14.305644,5081.52,2.7067,1.4847784,1.0426407
6745958523124882688,-449.2761,14.673049,5878.304,3.508,1.1555853,1.013409
6742859893198194560,-449.25998,14.2718525,5998.2285,3.4875,1.038003,1.0975125
4082880612639573888,-449.21228,14.326096,5339.5625,2.9801,1.3893871,1.0070777
6732819565339607680,-449.17438,14.382406,6187.179,3.5202,1.0373678,0.9844318
1854284926703914240,-448.95514,14.185029,4574.322,1.9167,1.5311146,1.0359024
4127915333299780864,-448.9333,12.577172,4630.7676,2.0283,2.057252,0.84640193
4046006463060193664,-448.73383,14.480336,4868.6914,2.584,1.4614248,0.9256265
2386618699667738112,-448.72958,14.524976,6089.8247,3.5159,0.8211689,1.0003328
4580418866972715136,-448.56253,13.771137,6096.21,2.8638,1.1488695,1.0592536
6611643965081402752,-448.55884,12.830657,4968.4985,2.2296,1.1419783,0.92445326
563515896970574208,-448.4698,15.120026,6574.2334,3.4879,1.6540394,0.99756587
1788198986467243136,-448.44583,15.049329,4998.5874,2.625,1.5416813,1.0690551
4082397308564474624,-448.20844,14.601794,6001.308,2.7318,1.0229578,0.9547069
4121855070092777856,-448.1252,15.065845,6089.3765,2.2992,1.9728479,0.91119325
376616271915260032,-447.96158,14.367918,5040.4478,2.4034,1.141243,0.9839705
4251013910661539200,-447.82327,13.299022,18259.803,4.3075,1.2065163,1.0126613
4177500799449606016,-447.75153,15.701045,5948.6885,2.6646,2.5996008,1.0043255
6763918427092804480,-447.5915,14.039223,4728.5776,2.0185,1.5667715,0.9856773
2045037206157171328,-447.50742,14.086492,5836.4023,2.6665,1.524929,0.98112017
4197618018266600448,-447.50092,13.895177,5020.732,2.4994,1.8009996,1.1311401
4090387730131927296,-447.46933,14.6515,6503.913,3.1707,1.8918695,1.1635518
4136281624658706304,-447.39133,14.008397,5812.5903,2.6607,1.7796593,0.9734438
4528839539568202368,-447.34775,14.96448,4960.347,1.968,1.5175018,1.085764
4264560271903804416,-447.2504,13.512321,5074.211,1.9997,2.0569077,0.9930576
4076712902237590656,-447.23785,14.292841,5935.3105,3.1578,1.597558,0.8710813
4046636861129996800,-447.23508,14.128775,5513.9,3.0037,1.3875399,0.8806586
4302238748680842496,-447.17508,14.549578,4964.0654,2.7702,2.0077353,1.0290657
4119909273805157504,-447.16333,14.752417,8472.423,3.5986,2.0685015,0.9814902
1379202410649234432,-446.9536,9.552734,4899.5366,1.1597,2.2347603,1.15111
3105397355152773632,-446.93518,15.242037,7015.0337,3.7537,1.7175322,1.2502687
4446944718065963136,-446.87216,13.1015005,5317.4126,2.5346,1.3689423,0.9165403
1291703000432716288,-446.86688,14.14165,5734.1445,4.3895,0.8250294,1.0313733
2202893811360855168,-446.85538,15.739258,5969.9795,2.5625,2.8774967,1.0411537
4565674033785572096,-446.78275,11.9532385,6101.3394,2.1847,1.1781664,1.1650769
1947347625237147648,-446.75705,13.957792,4740.758,2.2324,1.6053381,0.99424714
6758853900431793280,-446.6961,12.949485,4644.7197,2.1321,1.4816179,1.1054264
1959207576127172480,-446.66705,14.604603,5974.1104,2.9291,1.4397783,0.9520245
1613154433222682368,-446.425,14.137067,6436.327,3.976,0.6740818,1.0210344
2797970983444329728,-446.31937,14.423999,4960.731,2.2798,1.1489649,0.9809493
1692855179261417600,-446.31256,13.673478,5682.875,2.1573,1.3349009,1.0221003
6749925354916685568,-446.28192,14.8821335,5871.8022,3.3132,1.3170881,1.0088603
2044472503842449664,-446.23627,13.887878,4498.1577,1.3006,1.6947365,1.0403587
1991786586696906880,-446.18317,14.932089,5837.883,3.1927,1.3751392,1.0260823
4186955366800061824,-446.11108,14.006317,5546.8687,2.8921,1.4589052,0.9607856
1345084633559363072,-446.08286,13.519296,6222.906,2.7283,0.6544628,1.0930587
1434659402036344832,-446.056,14.607372,4842.938,1.8265,1.5564556,0.93975794
4066470161110384768,-445.78406,15.62927,7530.865,2.548,3.9868813,1.0738716
2108705560814286336,-445.74365,14.266465,5659.6304,2.784,1.015419,1.0079803
1659932674389783296,-445.70624,13.729141,6013.101,3.1043,1.0662842,1.1828545
6895291886006220928,-445.66608,14.123412,5425.82,3.0221,1.3462973,0.95754254
4037097700073431552,-445.65228,13.190948,4817.389,1.5424,1.5775576,1.2004071
2057329157723739520,-445.38535,15.277577,9226.366,3.4576,1.7410097,1.0356842
4135087142722809088,-445.2718,15.10657,5427.6997,2.4032,1.6359968,0.9801715
4045562977531554816,-445.23557,14.557598,5810.9985,2.8999,1.3623686,0.9621861
4132817127936034944,-445.04852,15.067235,5790.684,3.1362,1.6120272,1.0058955
4577025808455204224,-445.00323,13.70024,6066.617,3.8345,0.7698593,1.0327948
1627989353342066304,-444.98343,14.274752,5004.6475,2.4081,1.0214415,1.0546561
4046366828018196224,-444.82913,14.465368,5920.4775,3.0026,1.4521112,0.91371435
1211981775989043456,-444.80844,14.350167,6435.571,3.534,0.9072733,1.0068084
1746260451887811200,-444.80298,14.760913,6098.138,2.6448,1.2488108,0.99280065
4194956375474953216,-444.75165,12.864107,4928.437,2.0239,1.9750977,1.1487772
2137598011975436160,-444.72125,13.404358,4181.6084,0.9823,1.7562056,0.9627528
1808693883219685888,-444.56223,14.802263,5455.6343,3.2217,1.4269857,1.0019642
2263732474081432320,-444.35962,14.396384,4909.685,2.5595,1.7037497,0.95373625
1924047393292316800,-444.2533,14.174829,6238.7227,4.0016,0.8391113,1.0011648
2792749226629920000,-444.1526,11.764644,5390.9805,1.9305,1.4554577,0.96604526
4372113983905634048,-444.14148,14.881367,6095.029,3.2394,1.5293789,1.0929317
4101703972522609664,-444.14075,12.819525,6003.295,2.0987,1.678092,0.93628055
4204441862317942784,-444.03033,14.802581,5824.8633,3.3999,1.4486427,1.2939007
4163581536309289600,-444.01382,15.226839,6098.3457,2.9504,2.080244,0.96587193
2827150200980350720,-443.97653,13.551984,5836.335,2.432,1.3313179,0.855553
4209755527107565952,-443.96347,13.70296,5053.2314,2.4381,1.8387375,1.1164577
2759224674718906496,-443.96283,12.564503,6098.8545,4.1248,0.7413435,1.0173628
4076554293304790912,-443.6942,14.535211,5138.4863,2.6769,1.7861605,1.0581359
4056433303630337024,-443.59134,13.082197,5758.236,1.0057,3.4855022,0.78714275
6758477047121904640,-443.58447,14.302884,5730.3555,2.7388,0.981267,1.0849012
4048893849332790016,-443.494,14.283112,5219.87,2.7858,1.9876156,0.82854015
1823921844408011008,-443.41266,15.039592,5314.48,2.7764,1.8337498,1.0286182
1779402515487567744,-443.06296,14.785046,5751.345,3.085,1.3588591,1.0840012
4078040562485834240,-443.00443,14.677794,6442.3223,4.0864,1.0148258,0.88835615
4052514811597156992,-442.8795,12.233884,5058.5796,2.1165,2.082449,0.7477992
1359776685886269440,-442.87546,13.860185,4783.541,1.9324,1.4274673,1.0074898
4297594961304224896,-442.78546,15.111756,5630.0483,3.0535,1.5155859,0.99371374
4487427396172829696,-442.62473,13.127956,6098.751,2.7695,1.2704191,0.9930373
4118957032342549632,-442.44916,14.708421,5160.03,2.6702,2.5318727,0.90818846
4083945936331612800,-442.42172,14.695762,5015.322,3.0243,1.4927273,0.9611443
4171787706978514304,-442.40784,15.387495,5534.811,3.0616,2.3489113,1.0164292
4591627357224715648,-442.3043,14.196781,5296.2183,2.7903,1.4195366,0.93839633
4052329410813776768,-442.3023,15.195664,4973.296,3.4063,1.5934925,0.87882876
4135739904719594752,-442.249,15.072121,5653.494,3.4445,1.5228119,1.0115418
4235951322918940928,-442.23837,13.493229,5319.9033,2.4749,1.9167309,0.9967671
1668971759482091776,-442.0107,14.454918,5233.1807,2.8508,0.99072266,0.9801395
1828751586656157952,-441.6598,14.251805,5963.9883,3.7854,1.0570784,0.96731365
2086452476265360000,-441.40125,13.367278,6377.4243,4.4011,0.67584515,1.0001051
4078961369109856640,-441.2978,13.5155,5899.2173,2.1225,1.6678123,0.9410785
6731546399588987776,-441.10544,13.876325,5174.4287,2.7525,1.3509722,1.009653
4514791354405545088,-441.09766,14.598807,5823.6836,2.8945,1.9478445,1.0269506
4128706711099870848,-441.06638,13.124923,5154.7124,2.2316,1.9012308,1.0298319
4053092295717891968,-440.8745,13.262492,4863.095,2.397,1.8195686,0.75531083
2724473991246414208,-440.8424,13.097616,5676.935,2.8952,1.2970419,1.079947
4127437011380962176,-440.7185,14.482475,6510.6577,2.1742,1.782032,0.9855256
4433285107157580416,-440.6353,14.21441,4650.0063,1.871,1.3986645,1.0496086
4226645262654235648,-440.5349,14.8682575,5534.635,3.2952,1.2096472,1.0145735
1857406234059648896,-440.51926,15.2154045,5180.625,2.8988,1.8347998,1.0012786
4601198365423700224,-440.42145,14.653296,4247.5503,1.349,1.4620676,0.97807896
4553557626103881088,-440.1717,11.900289,5718.634,2.4417,1.3069973,1.0410119
4524612089161756544,-439.96936,15.251684,3806.2664,4.9996,1.926218,1.2059413
4540756493257224192,-439.95016,14.091724,5842.981,2.8082,1.3263206,1.0094624
2268829741267401984,-439.93933,13.301906,5757.657,2.2415,1.3485556,1.0663801
4075593457585041152,-439.90182,14.998261,5494.766,3.236,1.3742571,0.9979559
4255408383822577792,-439.8522,14.927225,5117.112,2.7445,2.5774755,1.137505
1740290516065415168,-439.80356,14.196524,4956.863,2.7073,1.4248533,1.0079447
4127453680156343936,-439.61005,14.864167,5700.823,3.036,1.6695127,1.0859835
4049726243952733952,-439.539,13.755266,5110.6016,2.761,1.5975876,1.0099163
2184404771728542592,-439.53397,14.182117,5442.977,2.8001,1.6199408,1.012702
4298208007758210304,-439.4881,14.662331,5058.4463,2.8802,1.6846237,1.008369
4528288718604550400,-439.46414,13.199166,5563.5107,2.1097,1.4962473,0.99601096
1752427990567433216,-439.4282,12.611211,5952.35,2.7305,1.1654882,0.87232757
4099652563073599232,-439.39178,14.527183,6638.1455,3.1309,1.7056313,0.96003836
4433949521418849792,-439.34714,13.743304,5481.8164,2.4625,0.99558544,1.05863
4224540969198069120,-439.205,12.942726,5819.906,2.647,1.2403698,0.93787116
2098385098000048384,-439.1909,14.969681,4363.231,1.8203,1.5529299,1.0294547
4313176479881487616,-439.09674,15.281875,6093.7104,2.8902,2.1601696,1.119792
2036384805558574848,-439.08633,14.02444,5328.029,2.4502,1.5352716,0.9936428
4302644777707584896,-438.9943,14.242195,5640.9043,2.8304,1.6638765,1.0220745
4313697274760161920,-438.97644,14.770923,4445.61,2.0763,2.723299,0.96326905
4049938385337508864,-438.8325,15.3435955,4812.721,2.4056,2.9567738,0.982241
2040397301433479040,-438.7677,14.86354,4901.7026,2.7833,1.6046686,0.984842
4059119754117696896,-438.67163,15.789157,4963.016,2.6892,2.8278503,0.9127121
4578665249006319872,-438.52487,13.892242,5185.77,2.3909,1.521451,1.2354537
976941992818506496,-438.46335,14.752899,5493.7075,4.323,0.91138077,0.95217425
1972536612008256768,-438.29987,15.003815,6183.339,2.4166,2.3849316,0.9695856
4257179697004365312,-438.24707,14.804126,7184.9243,3.8328,1.4819021,0.9837589
4159648136539891072,-437.86856,16.33822,3532.0903,0.3299,6.574811,1.2584078
1840892016076709760,-437.8558,14.210986,4520.3457,2.1727,1.7592745,1.0941166
1813021767136432000,-437.85562,14.654121,5756.02,2.3907,1.3645601,0.99169546
4221848299585315328,-437.82443,14.994009,5394.5835,2.9814,1.8255806,1.0883741
4305414447495369984,-437.7916,14.060491,4854.1226,2.1633,1.5732956,0.97048694
1789710540078418816,-437.7819,14.202393,6000.6196,3.5611,1.0677366,1.1005547
2099597515728883328,-437.66077,14.154272,5568.2593,2.9332,1.3115044,1.0200464
4471390057012553472,-437.5695,11.518663,6099.186,3.0787,1.2075071,1.0467311
4129419637001987712,-437.55853,13.727206,5149.2793,1.952,1.7394371,1.0550381
6808850893170209792,-437.54538,13.444052,4548.2397,1.9592,1.9611187,1.0956993
1856178835482872448,-437.54288,13.762788,6683.7153,4.3342,0.7562418,0.9626601
2681428038003987712,-437.3366,14.714438,4610.0444,2.3736,1.6119041,1.0012058
4177829007969272704,-437.32803,14.706601,3663.8096,4.839,1.9545279,1.0688593
4047540895871441408,-437.2954,14.355492,5532.633,2.6082,1.4195576,1.0161176
4120473224536033920,-437.24756,15.164126,5931.77,2.9358,2.218958,0.8979887
4111956299980910720,-437.19458,14.442548,5800.6714,2.6725,1.7772665,0.9280377
4369838544594338176,-437.18347,15.004489,5597.587,2.8141,1.9299316,1.0127174
2230079206295732992,-437.1717,13.403556,6098.259,2.8907,1.4635048,1.0476164
2857131237368870528,-437.17026,13.824665,5459.3765,2.739,1.3194075,1.0777615
4070997395927347328,-437.14578,15.946125,4980.5693,2.6463,3.1815062,1.2744534
4241329618414129024,-437.06238,14.533861,4621.3633,1.9344,1.6022177,1.0444081
4148048563816577792,-437.04538,15.253878,5693.486,3.185,1.9165268,0.92762685
4517982893051016320,-437.02954,15.177549,4847.17,2.8692,1.9632483,1.0409226
5943199272596574336,-436.96347,15.67146,15011.316,3.7485,3.0774403,0.98563087
2130892777751551488,-436.8443,14.377612,4705.301,2.2268,1.4059048,1.0671014
536148331003800960,-436.74887,13.7975235,6086.412,4.484,0.8663912,0.9929355
309950889056852352,-436.67398,12.316987,3960.758,0.9367,1.6198854,1.1545925
4074245701150375680,-436.5838,13.291919,5543.9673,2.2618,1.4671011,1.0286736
4085086881494676352,-436.49173,14.81571,5262.1304,3.2034,1.6287222,1.2714639
2862503451182950528,-436.36343,11.273787,6314.7188,4.3054,0.6830263,1.1919237
4117325460169517696,-436.35236,15.232574,6957.2407,3.3376,2.2062426,0.9931588
4139194608914196608,-436.337,15.043351,6094.8247,2.308,1.8365993,1.0297843
4044606368053164928,-436.30618,11.280109,4827.818,1.591,1.813859,0.6353942
4267806889242626048,-436.29416,14.661128,5233.1694,2.7764,2.1124783,0.96669185
4047535711895039104,-436.26483,14.287578,6085.7974,3.2348,1.2152977,0.9219411
4311167023622419456,-436.14917,14.932606,5879.45,2.9534,2.323391,1.0539522
1347704151292047744,-436.10782,14.075434,4718.0244,1.6989,1.5950766,1.0160838
4078125809000859392,-436.02936,14.747427,5673.841,3.3723,1.6607771,1.0156002
1892754433371503232,-435.9671,14.900397,4537.9893,2.5005,1.6901703,1.0024781
4203910935697920640,-435.93527,15.1029005,4703.9834,2.8495,1.7353554,0.9680807
4220254248243703168,-435.8216,14.720703,6091.005,3.3229,1.3245497,0.9538473
1867169966031848064,-435.74316,14.923012,6094.7144,3.248,1.274581,1.0110378
1856792431695549568,-435.49374,14.386498,5101.8975,2.3438,2.0126219,1.0544703
1757173963787562880,-435.44275,14.453252,5741.783,3.1899,1.22054,0.97517395
69322563160548096,-435.44238,12.704883,6077.4272,2.9856,1.2550173,0.91359985
4127044043357507328,-435.38666,14.633877,4969.115,2.7153,1.6935825,1.0797968
1375867969839170816,-435.34283,13.96729,5771.883,3.192,1.0545387,1.1108212
4135825430414955136,-435.24426,15.1546135,5502.956,3.0527,1.6251564,1.0231944
4171072882675335296,-435.1775,12.893176,4989.332,1.6678,2.7731323,0.90779525
4294791481549643008,-435.0821,14.802558,4847.505,2.4002,1.6003962,1.0553447
5962225294869834880,-435.0585,15.22832,15005.203,3.6554,2.849432,1.1450369
1974829299897101056,-434.99777,14.03885,4475.951,1.3378,1.7891617,0.98674685
1878759849372294272,-434.85236,14.294537,5781.2725,2.8474,1.3352032,1.0334879
4124405249872450816,-434.81717,14.095801,5589.2656,2.3245,1.3509598,0.91829115
1967660071769035392,-434.81302,14.698334,5800.6587,2.8129,1.7056665,1.0222694
2302290010404558976,-434.74146,14.656745,6092.5566,2.9923,1.1787415,1.0185524
4285103852067983872,-434.73895,13.020077,5215.2847,2.5105,1.7021322,0.9910468
2731885970928118400,-434.68845,14.986919,4216.7847,2.7073,1.4035044,1.0746528
6871417605919343232,-434.5806,13.289753,6269.3413,3.1539,1.1782932,0.93538594
4199916890911920896,-434.50555,13.975631,4394.081,1.7274,1.7655458,1.1447005
4093217323311035264,-434.45218,14.439054,5267.7085,2.3722,2.2105112,1.1266917
4118724897948965376,-434.40918,15.161228,9246.607,3.5616,1.5197277,0.9908174
2127944952718333952,-434.32022,14.143736,5156.561,2.7322,1.3853874,0.9659816
4165720842331246592,-434.31604,14.448672,4836.1074,2.0506,2.466713,1.0604433
1901692981870438912,-434.31213,14.797769,5698.943,3.0853,1.2805061,0.9963965
4049197997330163584,-434.29578,14.284408,5329.8716,2.8684,1.6172581,0.7847109
4091482190878244864,-434.1457,15.964447,4767.0933,1.7344,4.170125,1.0489724
4118110094763916032,-434.10278,14.3200865,5216.5073,2.7873,1.8972845,1.0135725
1788249598361668736,-434.09622,14.687794,4464.27,2.3571,1.6744051,0.98125416
4091901310966990464,-434.05832,14.375381,6042.2407,2.2767,2.2449522,0.86612374
4116299267832460032,-433.85455,13.838412,6003.875,2.0054,2.4692822,0.90419745
4075939773737733632,-433.73285,13.131518,4452.0405,1.8957,2.3753757,0.8216596
2713937474397255424,-433.73016,13.493358,5956.711,2.9568,1.1527729,0.8917603
4175861328834134912,-433.7202,14.280848,5873.1787,2.1824,2.4957504,1.0487857
1355410284693698304,-433.7142,14.562688,5289.756,4.7721,1.0079126,0.97650677
4371556943830567808,-433.67572,14.231943,5386.8003,2.737,1.9518518,1.0577772
4481288273003341696,-433.61398,14.788225,4756.182,2.5028,1.7621975,0.9331132
1810506458192394240,-433.55847,14.701236,4438.5645,2.3691,1.7655916,1.093939
4371197334806732800,-433.4979,14.268085,6007.7295,4.2385,1.0552492,1.0785278
2244898664533491456,-433.40833,13.103727,5548.943,1.7975,1.5559168,0.9443678
4301972460698880128,-433.36423,13.173129,5776.85,2.2483,1.7700434,1.0353155
2600857234670128640,-432.98428,14.526273,5321.4897,2.6276,1.3325129,1.1441271
1784829258206033408,-432.86002,14.57699,5745.318,3.1313,1.3134546,1.0648813
4201327358172341632,-432.85815,13.735734,5370.2563,2.1567,1.9271812,1.0696644
4371915006662339456,-432.84863,14.039276,4576.095,1.7409,1.888216,1.0211172
316048402587228416,-432.5223,15.057955,4396.532,2.391,1.574461,0.9615893
2124774369200373120,-432.4102,12.55854,4717.6646,1.8508,1.5930595,1.0790073
4042645702677921024,-432.30945,14.830799,5385.2095,2.655,2.1348343,0.9092592
2693808062192201984,-432.28326,14.19699,4696.5396,1.9215,1.5143585,1.0187138
4136108447273474432,-432.28278,14.492401,5862.638,2.8025,1.220458,0.9735124
4304385064090432256,-432.20993,14.646481,4967.0615,2.7562,1.6925344,0.99229336
