source_id,mass,radial_velocity,eccentricity,inclination,logg,teff,r_env_r_star
1729428099243704345,2.353,17.577175,0.0,0.0,4.065,9440.608,4.365329
2205028090399162369,3.222,-191.41307,0.6002609,81.660675,4.123,11912.42,1.6881897
1954578097445535757,3.344,-49.527493,0.0,0.0,3.822,11091.748,3.9583352
2205928092071886850,2.995,-8.553238,0.0,0.0,4.152,11857.6875,1.5721732
1954878092455444488,3.104,24.262648,0.0,0.0,3.844,10592.537,3.0599723
2213728091849621505,2.042,-45.542564,0.0,0.0,4.165,8810.488,5.077483
1955078091768332304,2.281,-38.00436,0.0,0.0,4.065,9225.714,6.2534537
1781178095768698888,2.317,5.860773,0.0,0.0,4.098,9440.608,1.4211702
1986697366123577357,2.555,-107.5604,0.0,0.0,3.968,9660.509,4.383208
2220328095213158403,2.317,-22.063133,0.0,0.0,4.098,9440.608,2.3929133
1986747363972087833,2.107,-73.51337,0.0,0.0,4.166,9015.711,6.2073708
1729947365084758047,2.533,32.307106,0.0,0.0,3.871,9225.714,2.3069031
1729947369379725317,3.659,-79.42976,0.0,0.0,4.098,13031.668,4.085887
1729528090779975681,2.677,-24.12015,0.8039794,-57.15562,4.175,10375.284,5.0991106
1988353913669025799,18.669,86.78072,0.0,0.0,3.924,31117.164,2.4441898
1981603913001861128,3.313,-11.773843,0.0,0.0,4.007,11885.022,2.9042377
1729528098967257091,4.396,-9.14027,0.0,0.0,3.854,13645.831,3.7112422
1981653915011121171,2.893,-26.271915,0.0,0.0,3.805,9885.531,2.700244
1988403915812503595,3.308,-114.157974,0.13445522,23.718115,3.961,11614.486,5.830054
2243647362314534915,2.107,-63.765297,0.0,0.0,4.166,9015.711,6.477137
2224178091146608644,2.319,-86.50143,0.9505809,-60.423702,4.032,9225.714,1.4838228
1981653919306088459,3.961,-1.8883789,0.0,0.0,3.934,13031.668,6.6454897
1739753913722077186,3.222,-127.080376,0.0,0.0,4.123,11912.42,4.6329985
1739753913722077221,2.391,83.880646,0.0,0.0,4.099,9660.509,6.515271
1729578096815767563,2.205,8.627577,0.0,0.0,4.196,9440.608,4.60657
1988453913392578584,2.354,-83.282814,0.0,0.0,4.133,9660.509,1.557016
1981703917020381200,2.209,-64.89229,0.0,0.0,4.066,9015.711,4.6788483
2276647369871196188,2.271,90.88233,0.0,0.0,4.196,9660.509,4.506424
1730047360513343508,2.688,0.436458,0.0,0.0,3.99,10115.795,2.9372962
1729628098825027609,2.353,-2.3012497,0.0,0.0,4.065,9440.608,3.2655237
2276697367988142098,3.108,-120.37564,0.90660286,61.588505,4.14,11641.261,5.7594724
2020203913667411989,3.623,-43.380157,0.0,0.0,3.849,11885.022,5.239213
1955928091566014476,2.245,-0.72711515,0.0,0.0,4.098,9225.714,3.5108185
2017778094663794735,2.345,-132.0605,0.0,0.0,4.192,9885.531,4.8344207
2244097363352223749,2.664,-74.14383,0.0,0.0,3.839,9440.608,3.8836353
1730303916224020497,2.205,-17.941486,0.0,0.0,4.196,9440.608,1.5525076
1730303916224020515,3.011,107.870476,0.0,0.0,4.016,11091.748,5.3183036
2060397360084680726,3.307,17.923388,0.0,0.0,3.899,11350.108,3.3879793
2276897367032594450,2.844,49.173504,0.0,0.0,4.006,10592.537,2.759235
2020303913256747041,2.645,-135.6303,0.0,0.0,4.023,10115.795,5.756301
2244147365361483792,2.008,0.8440675,0.0,0.0,4.196,8810.488,5.88074
2060397368674615307,2.696,3.3170574,0.0,0.0,4.047,10351.422,4.5011787
2020303917685932054,3.735,-83.12717,0.0,0.0,3.924,12705.741,1.5822878
1956328090594443273,2.511,-43.138405,0.0,0.0,4.064,9885.531,2.441282
2276997366890364933,5.893,-125.84661,0.0,0.0,4.134,17988.709,2.445283
2276997366890364937,4.379,-117.4832,0.0,0.0,4.157,14962.356,6.2105427
1981803912448966662,2.647,7.3137455,0.0,0.0,3.903,9660.509,2.232322
2277047364470439939,3.769,-153.37672,0.0,0.0,4.031,13031.668,2.4736755
2277047364604657694,3.104,64.606186,0.0,0.0,3.9,10839.27,6.759947
1740153912616288258,5.566,-137.94525,0.0,0.0,3.93,16405.898,2.760931
2236128090323419139,2.042,-48.695507,0.44239426,-51.826595,4.165,8810.488,4.0864124
1740203914491330578,2.175,50.33539,0.0,0.0,4.165,9225.714,3.570512
1740203914625548291,2.838,-92.32705,0.0,0.0,4.193,11091.748,1.8760055
1814503919947087873,2.472,-36.401775,0.9024432,-76.32425,4.097,9885.531,6.6999035
1956478096622223369,2.699,47.37381,0.0,0.0,4.156,10839.27,2.423478
1740203918786297859,3.371,-132.69455,0.0,0.0,4.091,12161.86,5.9130383
1956528094336516106,2.749,63.30974,0.0,0.0,3.84,9660.509,6.5717773
1739697361887690755,6.22,-107.17667,0.0,0.0,4.189,18836.49,4.4705405
1739697361887690803,2.107,35.692432,0.0,0.0,4.166,9015.711,3.3004777
2017878098548097028,2.075,-85.23396,0.0,0.0,4.132,8810.488,6.8788195
1988347368004648966,3.535,65.643456,0.0,0.0,4.105,12735.031,1.4867172
2236528097941782541,2.977,-65.10473,0.49696633,81.51212,4.091,11350.108,4.652372
2273978090646405121,2.798,-4.9411473,0.0,0.0,4.18,11324.004,1.2836848
1740303910054133761,4.157,-93.09843,0.0,0.0,4.199,14621.771,4.1932335
1739697366048440351,2.511,72.86188,0.0,0.0,4.0,9660.509,5.420226
1739697366182658049,4.101,-143.91548,0.0,0.0,3.811,12735.031,1.7960492
2019897364940062756,3.248,-77.45511,0.9163582,-28.244678,4.133,12676.519,2.9724307
1988447363433234476,2.175,-131.8241,0.0,0.0,4.099,9015.711,5.3886585
2054128090811990017,2.8,-2.8330295,0.0,0.0,4.143,11091.748,3.6989307
1802197360906862594,3.011,-30.487558,0.0,0.0,4.112,11587.773,3.5646172
2244847367721320457,2.472,-65.71695,0.0,0.0,4.097,9885.531,5.3412027
1988447367862419504,2.443,-133.40063,0.0,0.0,3.935,9225.714,4.6977925
1730197362380374039,2.281,64.85589,0.0,0.0,4.131,9440.608,2.7068744
2019997360100212758,2.802,-137.2824,0.0,0.0,4.094,10839.27,3.2360084
2277997364125892609,4.702,-142.67944,0.0,0.0,3.989,14962.356,6.778248
1981647369480962049,4.379,-8.176967,0.0,0.0,4.157,14962.356,2.194624
2054978094770421761,2.687,-14.665044,0.0,0.0,3.932,9885.531,6.4757
1740453916081913864,2.641,105.56717,0.0,0.0,4.185,10814.34,2.100813
2020147361698807849,2.354,-117.545555,0.0,0.0,4.133,9660.509,4.58936
1988803918867464197,2.319,-45.72224,0.0,0.0,4.032,9225.714,1.4023439
1988853912286789661,2.835,-94.942184,0.0,0.0,3.893,10115.795,3.1366653
2020197363708067851,2.071,-40.651928,0.0,0.0,4.197,9015.711,3.2481463
1988853916581756948,2.142,-60.859478,0.0,0.0,4.133,9015.711,2.3138013
2238028097821605889,2.785,-84.15742,0.0,0.0,3.925,10115.795,1.490618
1738828099161686034,2.519,58.946453,0.0,0.0,4.122,10115.795,5.7803
1740097365345304588,7.082,-143.4026,0.7459236,-83.153275,3.891,18879.914,5.793898
1729978095709978655,2.941,67.35207,0.0,0.0,3.829,10115.795,1.6967889
2246747362334605321,2.858,-0.3963829,0.0,0.0,4.112,11091.748,4.143773
1740097369506054166,2.433,56.36268,0.36564362,55.22378,3.999,9440.608,3.7206056
2246797360183115782,2.941,3.002168,0.0,0.0,3.941,10592.537,4.6938167
1738928094590271499,2.611,40.325706,0.0,0.0,4.113,10351.422,6.69223
2018178097852973064,3.499,39.399403,0.0,0.0,4.029,12189.8955,2.2200737
1740147362791161893,2.852,76.74267,0.0,0.0,4.062,10839.27,3.1399157
2241178095555969025,2.886,-190.90384,0.0,0.0,3.917,10351.422,1.6781137
2018278093281558536,2.205,-84.65652,0.0,0.0,4.196,9440.608,2.6783178
1792178099853459457,2.314,7.8542943,0.0,0.0,4.165,9660.509,4.5584755
1740197360505454593,5.67,-119.406136,0.0,0.0,4.143,17579.236,2.8797219
1986128093978296321,3.25,133.72139,0.0,0.0,4.153,12161.86,1.5024718
1986128094246731779,3.31,221.22159,0.0,77.86785,4.122,12161.86,2.0114126
1986128094380949507,3.637,164.38884,0.7911917,-62.191025,3.969,12189.8955,4.020001
1981847364633100297,2.884,-22.819815,0.0,0.0,3.861,10115.795,5.252269
1981847364633100305,2.245,18.192627,0.0,0.0,4.098,9225.714,4.732598
2247097367943708673,3.104,-29.48142,0.0,0.0,3.844,10592.537,2.8700945
1981897362347393026,2.211,-21.889652,0.0,0.0,4.132,9225.714,3.171211
2248197360607821825,2.175,-187.05356,0.0,0.0,4.165,9225.714,6.2133865
2274578097711874049,2.142,13.060247,0.0,0.0,4.133,9015.711,2.7528505
1739378099788709910,2.696,54.94599,0.0,0.0,4.047,10351.422,3.910669
2069597369145491457,2.042,0.25656146,0.2497682,35.667007,4.165,8810.488,2.049649
1739428097503002627,2.511,40.444527,0.0,0.0,4.064,9885.531,1.9428027
2058378094095368197,5.743,146.9494,0.0,0.0,4.109,17579.236,3.8126972
2243278098340511746,2.852,11.637914,0.0,0.0,4.062,10839.27,6.821806
2269853912859148315,2.393,22.652224,0.0,0.0,4.032,9440.608,3.5923157
1740447361961820182,3.251,60.26775,0.0,0.0,3.932,11350.108,6.845915
1801578099637223425,3.195,-1.9338915,0.0,0.0,3.964,11350.108,3.8925302
1801678099360776193,2.075,-3.0481076,0.0,0.0,4.132,8810.488,4.6637177
1986678099034505231,2.142,-72.20285,0.0,0.0,4.133,9015.711,2.4926078
1986728092588048414,3.06,-138.09198,0.0,-72.84981,4.124,11857.6875,2.2391334
1986778090168123407,3.878,161.90088,0.0,0.0,4.119,13645.831,6.1288404
1986778090302341162,2.246,-75.65711,0.7744113,-70.15059,4.034,9015.711,6.248743
2058828094998839300,2.588,189.44632,0.0,0.0,4.185,10139.114,6.752913
1739578099235815437,2.511,29.85237,0.0,0.0,4.064,9885.531,1.5291643
1802428095139938305,2.749,-19.227394,0.0,0.0,3.84,9660.509,3.0461597
1986778098758057987,3.25,94.59824,0.0,0.0,4.153,12161.86,1.2131146
2243778092529090573,2.175,33.738228,0.0,0.0,4.165,9225.714,5.422799
2275228093767483394,2.358,39.503548,0.0,0.0,3.999,9225.714,5.8701234
2018528090442956801,5.258,-39.173286,0.0,0.0,4.062,16405.898,6.333511
1986828092177383427,2.699,-87.20644,0.0,0.0,4.156,10839.27,5.343993
2285747361894367236,3.134,68.20827,0.0,0.0,4.054,11614.486,3.2703729
2243928098691088408,2.433,-48.465397,0.0,0.0,3.999,9440.608,5.9258084
1982047364080205839,2.468,-60.433887,0.0,0.0,4.033,9660.509,2.4164433
1982047364080205871,2.952,-127.702484,0.0,0.0,4.14,11587.773,6.843717
2276578096343679013,2.474,68.007286,0.0,0.0,4.154,10115.795,2.879872
2251347366932119553,2.175,-145.25987,0.0,0.0,4.099,9015.711,4.308009
2276628094460624933,2.839,80.859795,0.3869643,-83.10374,3.837,9885.531,4.3832664
2018728098479996930,2.632,-74.80085,0.0,0.0,3.808,9225.714,2.7866004
2251797367835590657,2.664,-185.34613,0.0,0.0,3.839,9440.608,1.4717063
1883403913890103298,3.365,107.10452,0.0,0.0,3.867,11350.108,6.6919565
2077147363440328708,3.634,-52.385273,0.2946834,-52.545986,3.935,12445.146,5.194906
2269847367328989206,3.074,33.69095,0.0,0.0,4.083,11614.486,3.1538694
2276828097934262281,2.317,46.251163,0.0,0.0,4.098,9440.608,1.8594983
2269897360614096912,2.109,-8.619249,0.0,0.0,4.099,8810.488,5.078177
2244728096747945985,3.478,-194.41048,0.32122576,-59.933792,4.082,12445.146,3.587909
2269897364909064222,3.483,11.184855,0.0,0.0,3.864,11614.486,6.0634575
2270153912432459819,2.138,87.52282,0.048257787,69.55883,4.196,9225.714,1.4959241
2269947362623356953,2.645,153.82527,0.0,0.0,4.023,10115.795,1.6472582
2019878097716772885,2.107,-49.922474,0.21926266,-82.149345,4.166,9015.711,1.2354128
2091653915996061697,3.434,-0.0042907973,0.7698059,33.50303,4.028,12416.523,4.9222417
1989953917835804674,2.138,-43.901836,0.0,0.0,4.196,9225.714,6.2530494
2091953915032502274,3.428,224.96977,0.0,0.0,4.171,12735.031,5.881408
2277428096275578883,3.502,58.26474,0.0,0.0,3.998,12416.523,2.4936152
2270253916048326680,2.042,30.15219,0.0,0.0,4.165,8810.488,6.194192
2019978092876922894,2.941,-151.12234,0.0,0.0,3.941,10592.537,6.1836557
2270303917923368977,2.963,-2.9681695,0.0,0.0,4.049,11091.748,5.9659915
2020128094609735684,2.632,-62.902954,0.0,0.0,3.808,9225.714,6.598999
2020128098770485268,2.487,-100.79328,0.0,0.0,3.903,9225.714,4.521272
1988478098621857842,3.674,-137.15598,0.8144429,71.76737,3.956,12705.741,5.417021
1988528091638530053,3.13,-59.080074,0.0,0.0,4.126,12133.889,2.9583948
2020178092324028421,2.657,-62.480446,0.0,0.0,4.136,10592.537,1.5568832
1731653910210281486,2.141,21.698513,0.0,0.0,4.066,8810.488,6.5877137
1731653910344499244,3.113,83.86985,0.0,0.0,3.951,11091.748,1.8460892
2278178092054740993,3.074,26.413445,0.0,0.0,4.083,11614.486,6.6138635
1988628091496300574,2.844,-76.435036,0.0,0.0,4.006,10592.537,3.8877854
1731753910068052008,2.516,137.85385,0.0,0.0,4.175,10351.422,4.2802715
1988628099952017412,3.309,103.79846,0.0,0.0,4.178,12445.146,2.2122777
1988678097666310172,2.401,-91.34581,0.0,0.0,3.968,9225.714,3.796258
1731753918523768836,3.106,-105.70226,0.0,0.0,4.183,11885.022,3.8988497
1910853917462233090,2.354,64.98801,0.0,0.0,4.133,9660.509,2.3658457
2246978092406931463,2.075,-69.24678,0.0,0.0,4.132,8810.488,5.025774
2270247361928232976,2.893,-9.058594,0.0,0.0,3.973,10592.537,2.9327414
2270247366088982536,2.427,8.330943,0.0,0.0,4.184,10115.795,2.0366774
1883347361921499137,2.209,22.244438,0.0,0.0,4.066,9015.711,3.3433022
1988778093229113353,6.767,128.92911,0.0,0.0,3.989,18836.49,3.544488
1731853914086572047,2.107,99.94458,0.0,0.0,4.166,9015.711,2.5128372
2026653910734733339,2.476,-75.92013,0.0,0.0,3.967,9440.608,4.4691772
1988828095238373420,2.583,-134.04393,0.0,0.0,3.839,9225.714,3.0300715
2026703912743993369,2.141,-85.90314,0.0,0.0,4.066,8810.488,2.4775286
2026753919182438421,2.314,-80.5126,0.0,0.0,4.165,9660.509,5.018639
1981928092838395928,3.489,-79.90763,0.0,0.0,3.802,11350.108,2.8397317
1731697362394415115,3.195,-117.43622,0.0,0.0,4.185,12161.86,5.4879093
1731697366823600161,2.995,94.42537,0.0,0.0,4.152,11857.6875,2.5929725
1731697366823600168,3.193,123.78874,0.0,0.0,4.023,11614.486,5.0133033
2249128097200734210,2.175,-126.13503,0.0,0.0,4.165,9225.714,6.472603
2249278094638579713,2.354,-110.97452,0.0,0.0,4.133,9660.509,3.4711666
2092947366737870851,2.175,68.6149,0.0,0.0,4.165,9225.714,4.4749904
1731747368832860196,2.008,61.708385,0.0,0.0,4.196,8810.488,3.3256156
1982078090544676875,3.397,-84.79903,0.31736323,-27.013792,4.009,12161.86,3.1837947
2027103916335824899,3.108,151.30373,0.9247452,-83.76262,4.14,11641.261,5.1779976
1997353914558578727,3.307,-114.017746,0.0,0.0,3.899,11350.108,2.4686625
1916403917286014977,4.181,135.389,0.17818348,44.32376,4.106,14288.939,1.245328
1997353918853545988,5.324,59.4398,0.0,0.0,4.029,16405.898,6.235954
1982853911693754395,2.138,-37.408993,0.0,0.0,4.196,9225.714,6.6207695
1997353918987763760,2.107,-98.02059,0.188901,33.42204,4.166,9015.711,2.064165
2100897368248418306,2.835,50.360588,0.0,0.0,3.893,10115.795,4.972072
1732103915542937622,2.844,143.13608,0.0,0.0,4.006,10592.537,6.1706924
1916603912572370949,3.465,79.09516,0.31986162,58.683254,4.044,12705.741,5.9747972
1982597360412262428,3.426,-174.86133,0.0,0.0,3.896,11614.486,4.280651
1982903917997981720,2.511,-130.24767,0.0,0.0,4.064,9885.531,5.489027
2104547360439795713,2.245,31.886534,0.0,0.0,4.164,9440.608,5.9182324
1982953915712274434,3.047,41.961365,0.0,0.0,4.168,11614.486,6.112388
1997347369028419597,2.474,-29.839056,0.0,0.0,4.154,10115.795,5.4518766
1997347369028419656,2.601,-114.883316,0.0,0.0,3.936,9660.509,2.6396708
2021278097738825739,3.252,-97.2317,0.0,0.0,4.037,11885.022,3.1155608
2021278097738825744,3.265,-127.886154,0.0,0.0,4.068,12133.889,2.809274
2269828099971481608,2.245,11.924385,0.0,0.0,4.098,9225.714,6.536587
1989328098151104598,2.468,-127.6135,0.0,0.0,4.033,9660.509,3.5664768
2027803918427226121,2.749,-43.47599,0.0,0.0,3.84,9660.509,6.570824
2027803918427226158,2.977,-140.42679,0.0,0.0,4.091,11350.108,6.16695
1765503913403875331,2.075,-11.58479,0.0,0.0,4.132,8810.488,2.5290134
1765503917698842628,2.566,-34.84069,0.0,0.0,4.145,10351.422,6.2078853
2027903913721593860,3.106,104.14747,0.0,0.0,4.183,11885.022,5.8567944
1983303916892192828,2.175,-117.174,0.0,0.0,4.099,9015.711,3.8269606
1742578099666550786,2.687,47.888832,0.48814934,18.266056,3.932,9885.531,6.3699875
2292528097481719813,2.602,21.597279,0.0,0.0,4.056,10115.795,3.5468667
1732097361422843917,2.511,23.162226,0.0,0.0,4.0,9660.509,3.0316546
1766403910781632515,2.141,-20.113829,0.0,0.0,4.066,8810.488,6.7660656
1983403916615745549,2.107,-100.364296,0.0,0.0,4.166,9015.711,6.6073084
1983403916615745562,2.694,-51.583885,0.0,0.0,3.871,9660.509,5.19949
2270128099276357644,3.046,116.03282,0.0,0.0,3.82,10351.422,2.1653054
1732147367727071236,3.988,-44.056015,0.0,0.0,4.051,13645.831,2.5716574
1914847365169152007,3.061,86.7489,0.0,0.0,4.156,12133.889,5.418297
2270847368859484163,2.468,10.330132,0.0,0.0,4.033,9660.509,1.7630528
1982747366440042512,3.931,-92.749466,0.0,0.0,3.826,12705.741,1.6928431
2166103913923608577,2.699,-16.91709,0.0,0.0,4.156,10839.27,5.3411083
2278003918245986314,2.852,77.37274,0.0,0.0,4.062,10839.27,1.3477126
2270953918408163373,2.645,126.30107,0.0,0.0,4.023,10115.795,4.2033095
2270953918676598794,2.637,-108.24422,0.28530884,-45.675877,4.141,9908.319,6.600324
1982847366163595270,3.834,-104.60546,0.0,0.0,3.839,12445.146,3.989713
2271003916122456110,3.113,127.34893,0.0,0.0,3.951,11091.748,6.5303817
2028403912473575436,3.104,-174.40623,0.0,0.0,3.844,10592.537,4.430413
1744028093376364559,2.468,27.320993,0.0,0.0,4.033,9660.509,5.4287515
1744028093510582283,5.379,-114.80542,0.9512521,52.669468,4.183,17179.084,4.367405
2026947368804417538,3.428,136.19083,0.0,0.0,4.171,12735.031,5.881019
1744028097537114149,2.472,73.562614,0.0,0.0,4.097,9885.531,4.711383
1982947361457963034,3.157,-139.98253,0.0,0.0,3.867,10839.27,4.157282
1909778092579094534,2.844,34.074905,0.0,0.0,4.006,10592.537,2.5954592
1909828098883321860,2.138,32.055626,0.0,0.0,4.196,9225.714,2.1858845
2027097366242263042,3.173,108.73031,0.0,0.0,4.112,11641.261,5.4473343
1917347366713688065,2.211,25.011127,0.0,0.0,4.132,9225.714,3.933435
1983653913777143811,2.566,-26.248783,0.0,0.0,4.145,10351.422,1.7542174
1769953916134359041,3.108,-168.62999,0.0,0.0,4.14,11641.261,4.030807
1731678091278811174,2.826,82.87673,0.15241301,-41.63105,4.196,11587.773,2.0814805
2294028093200793602,2.281,-142.76312,0.0,0.0,4.065,9225.714,2.9384222
2270947364153851931,3.331,132.88399,0.0,0.0,4.038,12133.889,6.855043
1911458339619864579,2.107,95.58532,0.0,0.0,4.166,9015.711,6.2948227
2270997366297329703,2.606,72.32006,0.0,0.0,4.166,10592.537,6.413672
2089778093190283265,2.893,33.775925,0.0,0.0,3.973,10592.537,4.1738553
2089828090904576003,2.688,28.625237,0.0,0.0,3.99,10115.795,4.7105117
1911278096888102916,2.008,43.157833,0.0,0.0,4.196,8810.488,5.0024886
2271503910445252645,2.699,89.47415,0.0,0.0,4.156,10839.27,3.6581025
2270328098723463196,2.472,-67.5571,0.0,0.0,4.097,9885.531,2.5037303
2271503914740219916,4.885,-83.5829,0.0,0.0,3.982,15310.875,6.3966074
1925347361911996419,2.205,50.4931,0.0,0.0,4.196,9440.608,1.3865856
1945653911452909569,2.175,16.23137,0.0,0.0,4.099,9015.711,4.1939397
2296278097852366849,2.401,-141.00754,0.0,0.0,3.968,9225.714,3.0170257
1765497367873716226,5.702,-230.70226,0.0,0.0,3.955,16788.041,6.705686
1765547365588008961,2.8,-8.335318,0.0,0.0,4.143,11091.748,5.7605796
1983347369076326414,2.008,-42.227356,0.0,0.0,4.196,8810.488,4.589792
2026678091400609793,3.602,164.2025,0.0,0.0,4.018,12445.146,1.6159878
2198503918978203652,2.245,-92.151405,0.0,0.0,4.098,9225.714,3.6950138
1731758333750149160,2.281,151.91888,0.0,0.0,4.065,9225.714,2.9286256
1983397367059054626,3.957,-114.06037,0.8757114,68.591896,3.842,12971.793,2.8340616
2026728097839054869,3.252,-93.841606,0.0,0.0,4.037,11885.022,5.1658845
1731758338045116423,3.932,-85.68177,0.0,0.0,4.085,13645.831,4.6875315
1733053910769205255,6.741,-48.991257,0.0,0.0,4.084,19275.25,1.9164981
2173597360544808961,3.187,-44.78125,0.0,0.0,4.067,11857.6875,4.4244614
1733103912778465294,2.39,-22.030895,0.0,0.0,4.161,9885.531,6.7932167
2027947366039945230,2.427,-72.70263,0.0,0.0,4.184,10115.795,4.654208
1766597364832796683,2.345,-16.23655,0.0,0.0,4.192,9885.531,5.304757
2026878095276900371,2.511,-44.708313,0.0,0.0,4.0,9660.509,1.9118665
1766697360261382154,2.858,-9.322,0.0,0.0,4.112,11091.748,3.497803
1766747362270642177,3.738,-219.22728,0.0,0.0,4.126,13335.214,6.142539
1731978090181034006,2.476,133.50395,0.0,0.0,3.967,9440.608,1.4290563
1732647366210617358,2.205,53.19837,0.0,0.0,4.196,9440.608,2.7633152
2176797364717617153,2.941,-6.056336,0.0,0.0,3.829,10115.795,5.298604
1947853918255972365,2.694,34.624138,0.0,0.0,3.871,9660.509,6.457378
1767347360880394242,3.089,-6.4816856,0.6928591,9.670429,4.029,11350.108,4.577911
1997408331660001308,3.285,-110.02694,0.0,0.0,3.855,11091.748,3.0813825
1767547364354031617,2.317,-6.6880164,0.0,0.0,4.098,9440.608,6.191711
1729397360162766892,2.008,22.063208,0.0,0.0,4.196,8810.488,5.324322
1732697368354095107,2.008,90.38397,0.0,0.0,4.196,8810.488,5.309677
1948053913408110609,2.655,15.341472,0.0,0.0,4.08,10351.422,4.6285386
1916378095674195969,2.736,16.05511,0.0,0.0,3.958,10115.795,2.931715
1982858335510069251,2.902,44.865288,0.0,0.0,4.164,11091.748,4.3448997
1729397368886919170,4.379,-15.156804,0.0,0.0,4.157,14962.356,1.4508829
2004247367401865218,2.427,0.18814377,0.50974137,56.237873,4.184,10115.795,2.0322874
1729397369155354626,4.526,-14.614552,0.5789238,79.28518,3.995,14621.771,4.295308
1729397369289572354,2.532,-10.547964,0.77774215,-55.32678,4.13,9484.185,4.485381
2027128092438298627,2.699,-58.674942,0.0,0.0,4.156,10839.27,6.891701
1772353917955342337,2.141,15.617957,0.0,0.0,4.066,8810.488,6.764806
2197847364507533314,2.657,-32.411545,0.0,0.0,4.136,10592.537,6.74055
1772453917813112847,2.487,23.126173,0.0,0.0,3.903,9225.714,1.797934
1732078094199554071,2.785,36.144936,0.0,0.0,3.925,10115.795,1.4171023
2027178098742525965,2.319,-61.81663,0.0,0.0,4.032,9225.714,3.0064547
2198397365000339457,2.141,-60.595016,0.0,0.0,4.066,8810.488,6.8159037
1769947366309232648,3.634,42.608143,0.0,0.0,3.935,12445.146,6.1082654
1729447362574680162,2.664,0.92592585,0.761165,63.627445,3.839,9440.608,4.7408814
1917758339249340420,3.307,106.874084,0.0,0.0,3.899,11350.108,4.6801257
1772653912831033345,4.727,-193.30281,0.0,0.0,4.145,15667.511,6.4768214
1772653917260218374,2.008,15.008249,0.0,0.0,4.196,8810.488,3.375159
2198897368047288321,4.657,-216.20305,0.0,0.0,3.874,14288.939,4.507522
1772703919269478401,2.175,5.446671,0.0,0.0,4.099,9015.711,1.3049326
1948853911196532738,3.156,4.7455344,0.0,0.0,4.146,12416.523,5.8618555
1729553911720706069,2.246,-0.3441624,0.0,0.0,4.034,9015.711,2.9375665
1770147361461370881,4.567,-174.54262,0.0,0.0,4.055,14962.356,6.3026686
1946197366549774349,2.696,79.41384,0.0,0.0,4.047,10351.422,2.5093813
1773153911583014921,2.511,-4.2372456,0.0,0.0,4.0,9660.509,4.293464
1732058337215774746,3.169,22.879189,0.0,0.0,3.919,11091.748,5.4753957
1732058337484210214,2.699,202.46632,0.0,80.57863,4.156,10839.27,6.811023
2032253916728524831,2.946,-141.4021,0.0,0.0,3.997,10839.27,2.0952084
1982778092501860386,2.211,-89.68295,0.0,0.0,4.132,9225.714,4.933335
1770547364650549263,2.645,10.53911,0.0,0.0,4.023,10115.795,5.104103
1732158336939327519,3.046,83.17624,0.0,0.0,3.82,10351.422,2.9407516
1733047365104828427,2.008,-38.0327,0.0,0.0,4.196,8810.488,6.564705
1982878096654598184,2.141,-107.353874,0.0,0.0,4.066,8810.488,1.8109472
1982878096654598202,2.995,-93.94848,0.0,0.0,4.152,11857.6875,3.3903112
1982878096923033657,3.634,-128.7871,0.20268323,49.864407,3.935,12445.146,3.1827137
2201597369173147650,2.553,-93.26075,0.0,0.0,4.03,9885.531,4.8571596
1947847368296628236,3.313,46.21609,0.0,0.0,4.007,11885.022,1.7151192
1947847368430845956,3.313,-31.731005,0.0,0.0,4.007,11885.022,6.693255
2213553913745899523,2.427,-46.39873,0.0,0.0,4.184,10115.795,5.4486403
2201947366058098689,2.802,-75.05545,0.0,0.0,4.094,10839.27,3.6664715
1983358338422800420,2.553,-83.48723,0.0,0.0,4.03,9885.531,6.4479313
1948297365039349771,2.516,27.061384,0.0,0.0,4.175,10351.422,1.391169
2141578091724537858,2.107,34.079487,0.0,0.0,4.166,9015.711,3.5611632
2214753914857717761,2.211,-110.49903,0.0,0.0,4.132,9225.714,1.8295865
1985553912685395969,2.99,24.7602,0.0,0.0,4.199,11614.486,5.4289536
2028328097710866433,3.418,111.54242,0.0,0.0,4.113,12445.146,6.8102546
2204797368916770818,3.011,-16.030888,0.0,0.0,4.112,11587.773,1.8342675
1772197362370871297,3.351,-198.16937,0.66062176,-20.354038,4.066,11912.42,2.5354753
1772297366255173642,2.902,-3.5164864,0.0,0.0,4.03,10839.27,2.730228
1772497361407311885,3.252,-12.388332,0.0,0.0,4.037,11885.022,5.23253
1948847369827123206,2.602,26.499096,0.0,0.0,4.056,10115.795,1.236092
2270978090349887498,3.77,-53.087032,0.0,0.0,4.187,13645.831,2.085773
1772497366104932365,2.042,2.5566928,0.18688098,30.144867,4.165,8810.488,4.797957
2221753912552062977,2.107,-86.32984,0.0,0.0,4.166,9015.711,3.254624
1765858334105141251,2.468,-61.787846,0.0,0.0,4.033,9660.509,5.040258
2270978095047507987,2.94,-98.22521,0.84931874,20.520353,4.07,10423.174,3.9088206
1983278091253841971,2.211,-161.30934,0.0,0.0,4.132,9225.714,1.7820308
2270978098939822084,4.379,-105.6292,0.0,0.0,4.157,14962.356,4.646961
1955003913522380844,3.045,-14.265188,0.0,0.0,3.875,10592.537,4.218983
1772597369720799256,2.717,-16.085196,0.0,0.0,3.807,9440.608,5.196661
1732628094826577940,2.107,64.7978,0.0,0.0,4.166,9015.711,6.874875
2224553913535692801,3.426,-85.83985,0.0,0.0,3.896,11614.486,5.7079983
1955053915531640838,4.101,178.65997,0.0,0.0,3.811,12735.031,4.210657
1983328093263101971,2.358,-83.31736,0.0,0.0,3.999,9225.714,4.3928246
1766428091447508994,2.175,-6.4183097,0.0,0.0,4.099,9015.711,5.461012
1983328097558069295,2.787,-99.580925,0.0,0.0,3.868,9885.531,6.661874
1773047366195085315,2.042,-3.1563344,0.0,0.0,4.165,8810.488,2.757431
2213647368073510913,3.089,-63.99792,0.0,0.0,4.029,11350.108,1.9239153
1767158339369697283,2.884,-22.118696,0.7350301,78.6859,3.861,10115.795,5.06321
2214097364682014722,2.566,-96.11957,0.0,0.0,4.145,10351.422,4.122472
1732728098710880257,2.91,8.048779,0.0,0.0,4.081,11091.748,6.2248583
1767128098370748418,2.354,-6.9904594,0.74215496,58.58254,4.133,9660.509,5.2508364
2234203919070789634,2.699,-73.20928,0.0,0.0,4.156,10839.27,3.946165
1767228097960083458,2.797,-1.438849,0.0,0.0,4.039,10592.537,3.7582357
1773597362527141895,2.141,8.427309,0.0,0.0,4.066,8810.488,3.4974077
2234453916232187907,2.39,-26.716797,0.0,0.0,4.161,9885.531,5.498581
1787953913618497539,3.687,1.6474972,0.0,0.0,3.817,11885.022,4.0098295
2004108334747090949,2.963,-31.398642,0.0,0.0,4.049,11091.748,4.2275195
1946128093022257157,2.109,58.27002,0.0,0.0,4.099,8810.488,2.7205226
1954597360373858316,5.331,164.3365,0.0,0.0,3.877,15667.511,1.9563255
2004108339042058269,2.245,-47.124454,0.0,0.0,4.098,9225.714,5.9444666
2271528091379564574,2.354,79.61826,0.6502719,59.58361,4.133,9660.509,1.8855007
1955553918712807449,2.519,-48.1551,0.43944907,54.215687,4.122,10115.795,4.8466644
2271578092986171397,2.317,19.072924,0.0,0.0,4.098,9440.608,3.2368083
1769958335655706633,2.391,68.545525,0.0,0.0,4.099,9660.509,4.3210797
1946478098765578251,2.595,118.327644,0.5636327,23.882599,3.997,9885.531,3.7032075
2054153912155373576,2.696,78.70423,0.0,0.0,4.047,10351.422,3.5724554
2236103918113259521,6.089,-209.15585,0.0,0.0,3.824,16788.041,2.2733853
1769928094790975492,2.142,34.374104,0.0,0.0,4.133,9015.711,1.6182225
2174228093806313473,3.483,-37.605045,0.0,0.0,3.864,11614.486,5.067761
2174278095815573505,3.397,-25.620104,0.0,0.0,4.009,12161.86,4.192458
1770028090219560963,2.008,16.993238,0.0,0.0,4.196,8810.488,3.3192532
2054953918533730305,2.142,-12.986916,0.0,0.0,4.133,9015.711,5.130155
1770558333997023234,2.902,23.397491,0.0,0.0,4.03,10839.27,2.5696087
2176828090913652737,2.075,-13.452676,0.0,0.0,4.132,8810.488,3.413975
1956253912214274051,7.526,172.00441,0.0,0.0,4.102,20653.8,5.2381377
1956253912214274068,3.045,-41.3918,0.0,0.0,3.875,10592.537,5.439329
1948258336671531010,2.317,-16.276468,0.0,0.0,4.098,9440.608,3.6577144
2055403910713049096,2.657,10.389043,0.0,0.0,4.136,10592.537,4.013309
2234197369514098690,2.271,-86.22177,0.7306874,-87.07723,4.196,9660.509,5.6757107
1770758333444128777,3.547,25.714647,0.0,0.0,3.831,11614.486,4.944388
2234547361701429250,2.429,-81.85829,0.0,0.0,4.066,9660.509,5.251533
1738403915172413461,2.429,46.418427,0.0,0.0,4.066,9660.509,5.2989535
2198028096731348993,2.595,-26.796333,0.0,0.0,3.997,9885.531,6.4381533
1986353914903003143,2.109,-66.4011,0.0,0.0,4.099,8810.488,1.5644588
1738503919325151242,2.852,67.96101,0.0,0.0,4.062,10839.27,2.402223
1956603917689159686,2.687,-22.495659,0.0,0.0,3.932,9885.531,2.5313869
1729408338233393174,2.138,-47.209244,0.0,0.0,4.196,9225.714,5.819331
1738603918914486275,2.271,42.073395,0.0,0.0,4.196,9660.509,4.2867913
2018303910329974792,2.319,-29.01836,0.0,0.0,4.032,9225.714,4.7872696
2018303918919909384,2.142,-16.184158,0.0,0.0,4.133,9015.711,5.845794
1770878094177992708,2.696,33.456223,0.0,0.0,4.047,10351.422,1.50408
1772458337334460417,4.657,-196.21442,0.0,0.0,3.874,14288.939,4.570575
2199578098888867841,2.354,-30.122995,0.0,0.0,4.133,9660.509,4.02968
1949458333219946504,2.271,124.90059,0.0,0.0,4.196,9660.509,3.210873
1772508335048753154,2.109,8.265978,0.0,0.0,4.099,8810.488,6.3135347
2274503919197487109,2.946,64.805565,0.0,0.0,3.997,10839.27,5.23388
2058203915991646216,3.363,141.38379,0.0,0.0,4.145,12445.146,3.6411057
1986653914073661448,3.478,111.66622,0.0,0.0,4.082,12445.146,3.1639671
1986653914073661451,2.071,-31.757362,0.0,0.0,4.197,9015.711,4.315259
2242803912476196879,2.246,40.384842,0.0,0.0,4.034,9015.711,4.725367
1955897369799163916,2.107,-8.721565,0.0,0.0,4.166,9015.711,6.7644906
1772658336781565963,2.743,17.966833,0.0,0.0,4.015,10351.422,4.4098473
2058303911420231690,5.819,157.5125,0.0,0.0,4.075,17579.236,6.2952156
1986097363621511206,2.519,-54.658897,0.0,0.0,4.122,10115.795,4.2632847
2058353917724459009,5.538,187.64348,0.0,0.0,4.022,16788.041,5.8334465
2058403915438751752,2.655,-82.43649,0.0,0.0,4.08,10351.422,5.7233577
1986147365496553479,7.306,154.74121,0.0,0.0,3.827,18836.49,1.511965
1986147369925738515,3.251,-65.73968,0.0,0.0,3.932,11350.108,3.2327662
2243003916084051974,2.075,-31.243654,0.0,0.0,4.132,8810.488,3.7035458
2274953911645241357,2.071,61.896626,0.0,0.0,4.197,9015.711,5.527253
1954608334149517325,2.107,-20.786777,0.0,0.0,4.166,9015.711,5.126687
1738903918085144585,4.379,-160.03323,0.0,0.0,4.157,14962.356,2.8358817
1738903918219362327,2.736,45.398277,0.0,0.0,3.958,10115.795,5.3971705
2275003913654501382,3.285,63.603245,0.0,0.0,3.855,11091.748,4.915865
1986853913520766982,2.902,-91.41798,0.0,0.0,4.03,10839.27,1.283344
2275053911368794116,2.205,47.599594,0.0,0.0,4.196,9440.608,6.2403092
1772278090441949201,2.647,-26.746548,0.0,0.0,3.903,9660.509,4.332685
1986247369649291269,7.52,136.05586,0.0,0.0,4.004,20183.664,5.769852
1729953919339069441,5.999,-45.580063,0.0,0.0,3.86,16788.041,3.6322007
1729953919339069478,2.284,20.833538,0.0,0.0,4.001,9015.711,3.8567328
1772278095005351944,3.046,-11.727621,0.29607582,-75.73357,3.82,10351.422,2.8327706
1954658336158777359,2.742,-62.061893,0.0,0.0,4.173,11091.748,5.308019
2243053918227529734,3.497,44.00751,0.0,0.0,3.913,11885.022,5.0338187
2018397368818335761,2.797,-101.06812,0.0,0.0,4.039,10592.537,3.1788037
1730003916919144464,2.245,68.26986,0.0,0.0,4.098,9225.714,1.5737755
1987003911092830228,3.591,158.44069,0.14554453,-71.07948,4.072,12735.031,2.5317926
1987003919548547085,2.99,143.9368,0.0,0.0,4.199,11614.486,5.525143
1955008332909510677,2.429,-27.566565,0.0,0.0,4.066,9660.509,6.2213345
1955008337204477958,3.047,177.88974,0.0,0.0,4.168,11614.486,2.9279778
1955058330623803394,2.56,-31.674679,0.0,0.0,4.089,10115.795,4.289618
2243953919900254211,3.686,-220.20804,0.0,0.0,4.159,13335.214,6.7647605
2276653911240605714,3.047,-113.54273,0.0,0.0,4.168,11614.486,2.0254219
2060403914204774420,2.177,53.32452,0.0,0.0,4.033,8810.488,4.297336
2099858330028605441,2.677,244.2891,0.055147845,30.531265,4.175,10375.284,3.306273
2017758337814233110,2.175,-32.99045,0.0,0.0,4.099,9015.711,3.7344325
1739553918569938978,2.429,62.6125,0.0,0.0,4.066,9660.509,2.0287445
1739553918838374448,2.429,81.3352,0.043410912,85.91917,4.066,9660.509,5.6588826
2276703917544833054,2.071,82.67782,0.0,0.0,4.197,9015.711,3.893147
1738397369776472071,5.999,-178.5603,0.0,0.0,3.86,16788.041,2.4663675
1738397369910689799,4.567,-179.7074,0.5839577,-63.643074,4.055,14962.356,1.8912394
1738447363061579780,3.502,44.475773,0.0,0.0,3.998,12416.523,5.7474046
1738447363195797507,2.429,18.704893,0.0,0.0,4.066,9660.509,2.9489293
2060503918223294484,2.008,8.274535,0.0,0.0,4.196,8810.488,4.9003615
2060503918491729929,2.472,-14.162923,0.3394872,-68.195,4.097,9885.531,6.491507
2244153915052392471,2.008,-12.603438,0.0,0.0,4.196,8810.488,6.2652893
1729431943373651997,3.061,46.856995,0.0,0.0,4.156,12133.889,4.9800572
1738497365205057556,2.427,61.845684,0.0,0.0,4.184,10115.795,5.253988
2244153919481577485,2.401,-28.02451,0.0,0.0,3.968,9225.714,6.012667
1772431944760426502,2.706,-8.829365,0.0,0.0,4.104,10592.537,6.5851912
2276853914982678546,3.309,-126.487976,0.0,0.0,4.178,12445.146,6.072078
2244353918928683010,2.281,-79.799034,0.0,0.0,4.065,9225.714,2.9781697
2207981949727801345,2.393,-189.155,0.0,0.0,4.032,9440.608,3.4195127
2026958338150891531,2.647,-83.2698,0.0,0.0,3.903,9660.509,5.3223534
2244503912071561224,2.138,32.964764,0.0,0.0,4.196,9225.714,3.7523108
1955608331385045007,2.209,-23.134829,0.0,0.0,4.066,9015.711,5.199922
2027058333579477001,6.931,123.7415,0.0,0.0,4.111,19724.227,4.274808
2027058333579477022,2.358,-64.7824,0.0,0.0,3.999,9225.714,2.175984
2277003916983926812,2.717,72.930176,0.31970993,30.552671,3.807,9440.608,5.184561
2057647361110310919,3.57,38.405,0.0,0.0,3.967,12416.523,6.2267795
2027058337874444294,3.108,106.492226,0.0,0.0,4.14,11641.261,5.2728667
2277053914295566348,3.605,-145.68736,0.0,0.0,4.132,13031.668,3.9237103
2277053914564001839,2.39,81.67774,0.83402234,-85.47235,4.161,9885.531,3.5748787
2020003914220306462,2.567,-144.70706,0.0,0.0,3.903,9440.608,4.6702533
1729558335671238671,2.042,29.514587,0.0,0.0,4.165,8810.488,1.4992541
2125908337336778753,2.109,20.297815,0.0,0.0,4.099,8810.488,3.518406
2126358330052968452,2.042,20.545305,0.80284923,80.779106,4.165,8810.488,2.9877386
1954631943584743425,4.579,141.36154,0.0,0.0,3.906,14288.939,3.2891066
1954631943584743444,2.474,-46.134106,0.0,0.0,4.154,10115.795,6.49952
1773581948023734289,2.606,-5.6023664,0.0,0.0,4.166,10592.537,6.1728487
1954681945459785729,12.563,193.20999,0.0,0.0,3.909,26001.596,4.541486
1954681945594003461,4.727,148.96223,0.0,0.0,4.145,15667.511,5.076207
1954881944906891290,3.308,-24.082817,0.0,0.0,3.961,11614.486,1.3637584
2132758337727496194,2.429,58.68869,0.0,0.0,4.066,9660.509,6.1656604
2133358331773845506,3.331,48.26205,0.0,0.0,4.038,12133.889,5.8599954
1955858337136377881,2.641,1.8946791,0.0,0.0,4.185,10814.34,2.064934
2058247368175779845,2.245,-55.891865,0.0,0.0,4.164,9440.608,5.6038246
2270808331767513114,2.839,84.61931,0.0,0.0,3.837,9885.531,1.3370035
1956258331735621635,3.308,-18.98146,0.0,0.0,3.961,11614.486,3.861552
1956258336030588937,3.074,-41.630287,0.0,0.0,4.083,11614.486,6.5647583
2027558332197240833,2.611,-47.12762,0.0,0.0,4.113,10351.422,2.2686908
1729531943097204737,3.086,-0.52497894,0.0,0.0,4.116,11376.272,5.069379
2148258337827848193,2.427,59.29936,0.0,0.0,4.184,10115.795,1.7522311
1729581945106464770,3.63,-49.09445,0.0,0.0,4.192,13335.214,2.1494203
1790058331629420545,2.443,10.321137,0.0,0.0,3.935,9225.714,4.094232
2270858338474393605,3.061,-46.37903,0.67142725,-61.057686,4.156,12133.889,2.9125803
1986103827413073934,3.823,165.05292,0.0,0.0,4.153,13645.831,2.105243
1986258330271612950,2.602,-75.52264,0.0,0.0,4.056,10115.795,6.5848684
1956558330906279938,2.994,-26.09297,0.0,0.0,3.908,10592.537,1.3095971
1986258334835015705,2.8,-68.49795,0.014304894,-66.20977,4.143,11091.748,5.9627514
1985581941776187410,2.657,-124.00549,0.0,0.0,4.136,10592.537,5.385399
1738403825380753416,2.749,64.54217,0.7474696,-64.34859,3.84,9660.509,5.009828
2017631949811613705,2.427,21.283596,0.0,0.0,4.184,10115.795,5.936556
1738453822692392975,2.177,55.676476,0.0,0.0,4.033,8810.488,3.4007945
2018203820680544257,3.552,26.055626,0.31522155,51.34037,4.165,13031.668,5.4290924
2018203829136261136,3.13,-33.559715,0.63918626,74.46888,4.126,12133.889,4.6503434
2271008331348836366,2.798,21.511559,0.0,0.0,4.18,11324.004,4.379876
2271008331348836385,2.788,50.47863,0.0,0.0,3.982,10351.422,2.6693428
2233931940266770439,2.696,-6.9100194,0.0,0.0,4.047,10351.422,6.5815506
2027908333377159174,3.995,86.10145,0.0,0.0,3.825,12473.835,2.254508
2018303824296411148,2.211,-69.587875,0.0,0.0,4.132,9225.714,2.2683494
2271008339804553262,2.472,102.56517,0.0,0.0,4.097,9885.531,5.0673857
2027908337672126486,2.566,-51.755276,0.0,0.0,4.145,10351.422,5.5734863
2271108330938171411,2.8,80.08245,0.0,0.0,4.143,11091.748,1.8235381
2271108331072389152,2.354,1.27152,0.0,0.0,4.133,9660.509,2.0222058
1729658331099824150,2.476,41.00006,0.0,0.0,3.967,9440.608,1.3988436
1955931944554332178,2.606,18.948524,0.7005703,60.39302,4.166,10592.537,5.8536882
1787931944860778522,2.314,51.01631,0.0,0.0,4.165,9660.509,3.4737651
2018453826163441669,2.611,-185.11195,0.0,0.0,4.113,10351.422,3.88086
1729658335260573701,2.521,-4.9395814,0.0,0.0,3.935,9440.608,6.473492
2053781946512703495,2.788,34.736942,0.0,0.0,3.982,10351.422,3.3260872
2058153823788072964,2.314,-52.952328,0.0,0.0,4.165,9660.509,4.386788
1788031944584331268,2.487,33.650146,0.0,0.0,3.903,9225.714,2.5499191
1986708339765018637,2.553,-100.7901,0.0,0.0,4.03,9885.531,4.0763707
1729658339689758727,2.688,54.030506,0.0,0.0,3.99,10115.795,5.702693
2058303821225918467,3.162,172.96956,0.0,0.0,4.153,11885.022,2.4738643
2054181945272696834,2.837,0.28109524,0.0,0.0,3.949,10351.422,4.8981194
2243203829766029315,2.345,-69.37512,0.0,0.0,4.192,9885.531,5.0908394
1986653823879348230,3.591,132.0264,0.0,0.0,4.072,12735.031,3.7482166
1986653828174315525,5.521,87.16173,0.0,0.0,3.813,15667.511,5.5878186
2236081949355540483,2.595,11.588029,0.0,0.0,3.997,9885.531,5.9117203
1986703825754390540,2.553,-77.32492,0.0,0.0,4.195,10592.537,6.557185
1956531946787962895,2.245,56.775032,0.0,0.0,4.098,9225.714,3.9704714
2054831941462523906,2.211,0.8567429,0.0,0.0,4.132,9225.714,4.620409
1986908330622189569,2.505,118.86136,0.0,0.0,4.193,9908.319,6.6215587
1730053820278374412,2.553,-29.207233,0.0,0.0,4.195,10592.537,1.8673716
1960203821837713417,2.042,29.412415,0.0,0.0,4.165,8810.488,3.7962546
1960203826132680713,2.107,10.039763,0.0,0.0,4.166,9015.711,4.1215935
2175958334266408961,2.071,-53.214706,0.0,0.0,4.197,9015.711,4.382301
2271558336270827540,2.142,49.70887,0.0,0.0,4.133,9015.711,3.6533558
1738858331436482586,2.317,58.30706,0.0,0.0,4.098,9440.608,1.3793948
2028708335460548612,2.008,-85.44553,0.0,0.0,4.196,8810.488,6.573862
2243953829840158743,2.281,-1.5445423,0.0,0.0,4.065,9225.714,6.2859254
1958531945553985545,2.393,-28.266062,0.0,0.0,4.032,9440.608,3.563725
1738431944263204883,2.998,4.0009985,0.0,0.0,3.965,10839.27,3.8649566
1987003820764299296,2.468,-88.34501,0.0,0.0,4.033,9660.509,5.735858
1738908337606492167,2.246,44.84894,0.0,0.0,4.034,9015.711,2.8181603
2197758338425421825,3.769,-229.40857,0.0,0.0,4.031,13031.668,1.8931565
2020158331447934977,11.32,2.991686,0.8730542,75.89369,4.136,26001.596,3.201469
1987003829354233883,2.797,-91.262726,0.0,0.0,4.039,10592.537,3.217134
1987003829488451617,2.042,-78.64901,0.5436846,37.215755,4.165,8810.488,2.6847067
1738481946272464914,2.245,35.6428,0.0,0.0,4.164,9440.608,4.0232143
2056031946600873985,2.641,4.427783,0.0,0.0,3.965,9885.531,5.370099
2020208333054541848,2.641,-162.83633,0.0,0.0,3.965,9885.531,1.7095503
2237731946941644802,2.566,-111.89085,0.0,0.0,4.145,10351.422,5.7751875
2274531948288278531,2.008,37.386242,0.0,0.0,4.196,8810.488,5.344223
2244503826440650764,3.41,5.777474,0.75051767,53.896057,4.093,13001.695,4.172956
1802003825385537539,2.109,-53.527378,0.0,0.0,4.099,8810.488,1.9830405
2060803822904672258,2.211,-34.53154,0.0,0.0,4.132,9225.714,3.3465004
2058181947233927180,3.478,146.68504,0.0,0.0,4.082,12445.146,5.388941
1802203828993392641,3.265,-13.780904,0.0,0.0,4.068,12133.889,1.8077952
1811608338627035137,2.107,-35.616493,0.0,0.0,4.166,9015.711,3.2437382
1986131942268993564,2.657,-63.43065,0.0,0.0,4.136,10592.537,6.7847505
2060853829208899594,2.645,-19.516947,0.0,0.0,4.023,10115.795,3.3280513
2060853829477335050,2.952,-17.31953,0.9769042,-23.316755,4.14,11587.773,6.079743
1738831947452383242,2.138,53.40178,0.0,0.0,4.196,9225.714,2.5598912
2244703821190135814,2.177,18.554443,0.0,0.0,4.033,8810.488,4.8874865
1738881945300893700,3.047,-153.26056,0.24384467,-66.157074,4.168,11614.486,1.7986565
2274981940467597313,3.241,-132.0717,0.0,0.0,4.082,11641.261,1.3003882
1986231942126764038,10.96,135.21811,0.0,0.0,3.919,24266.102,5.316958
1730203821876969491,2.075,2.430721,0.0,0.0,4.132,8810.488,2.3837144
2272008333147766789,2.487,-2.1864634,0.5197419,-85.36111,3.903,9225.714,5.667129
2242931949880475672,2.142,-15.217009,0.92122746,10.729448,4.133,9015.711,4.5406256
1986281948430991376,2.358,-82.48174,0.0,0.0,3.999,9225.714,4.9201713
1739558333662101538,2.314,84.110565,0.0,0.0,4.165,9660.509,4.0838428
2243031945040625665,2.474,14.563499,0.0,0.0,4.154,10115.795,4.524031
1981603827102515209,2.317,-43.55756,0.0,0.0,4.098,9440.608,6.339734
1739558338091286571,2.39,99.6228,0.0,0.0,4.161,9885.531,4.841168
1988358337485340707,2.751,-105.51377,0.0,0.0,4.071,10592.537,4.2817254
2243081947184103431,2.353,18.682453,0.0,0.0,4.065,9440.608,1.9985613
2058731947726733323,2.802,-43.571747,0.0,0.0,4.094,10839.27,2.5942261
1981653829380210690,4.298,-4.209436,0.83567196,30.799147,4.037,14288.939,4.74861
1988353827769679874,3.714,84.83634,0.0,0.0,4.065,13031.668,3.9324925
1988353827769679895,2.281,-87.07949,0.0,0.0,4.065,9225.714,5.9274764
1729958338860417028,6.752,-88.34112,0.0,0.0,4.179,19724.227,3.9293277
2020153829919555608,2.427,-13.544001,0.0,0.0,4.184,10115.795,5.2663116
1730008332279742471,3.428,-30.811377,0.0,0.0,4.171,12735.031,3.247137
1981608336818176013,2.358,29.715572,0.0,0.0,3.999,9225.714,1.6398487
1986681943030235183,2.474,-63.682278,0.0,0.0,4.154,10115.795,4.186351
1981658330103283726,2.138,-29.169146,0.0,0.0,4.196,9225.714,6.5227904
2020203827633848373,3.252,-123.65395,0.0,0.0,4.037,11885.022,2.7461932
1986681947325202439,3.932,105.73825,0.0,0.0,4.085,13645.831,6.2322693
2243331940050534404,2.211,25.089678,0.0,0.0,4.132,9225.714,4.0778403
1988453827493232649,2.511,-59.86553,0.0,0.0,4.0,9660.509,6.756117
1739753827822731270,2.246,-39.545803,0.0,0.0,4.034,9015.711,5.7886095
1981658338827436046,2.075,-16.413778,0.0,0.0,4.132,8810.488,1.8623021
1739658337814839309,3.195,-130.11087,0.0,0.0,4.185,12161.86,4.4809556
1730303821734740003,2.641,62.573788,0.0,0.0,3.965,9885.531,2.6777525
1981708336541728785,2.753,9.300976,0.0,0.0,4.126,10839.27,6.1961536
1986781946914537498,2.443,-80.77741,0.0,0.0,3.935,9225.714,5.6683645
1729981944000675854,2.358,176.55077,0.0,0.0,3.999,9225.714,6.3445463
1988608330351771661,2.075,-105.01564,0.0,0.0,4.132,8810.488,2.9878848
2243731943239712774,2.354,-22.618862,0.0,0.0,4.133,9660.509,2.158474
1988608334512521248,2.696,-109.2828,0.0,0.0,4.047,10351.422,5.5722637
1988608334646738966,2.042,-109.90898,0.0,0.0,4.165,8810.488,1.6439348
2018581945037881350,3.187,-205.9229,0.0,0.0,4.067,11857.6875,2.1628556
2018581949332848649,2.555,-156.52615,0.0,0.0,3.968,9660.509,2.8028846
1981631941958434829,2.699,-75.55786,0.0,0.0,4.156,10839.27,4.442562
1981631941958434830,2.245,-32.608326,0.0,0.0,4.164,9440.608,2.743233
2276681940197179403,3.552,-128.33583,0.0,0.0,4.165,13031.668,5.521922
2276681940197179432,2.533,89.75885,0.0,0.0,3.871,9225.714,4.5215034
1739758333243424807,2.205,110.54251,0.0,0.0,4.196,9440.608,3.4169436
1988658336521781266,2.138,-45.414677,0.0,0.0,4.196,9225.714,2.3996356
2243981940401111050,3.045,-37.85423,0.0,0.0,3.875,10592.537,1.9698474
1981681943967694865,2.963,-51.99759,0.0,0.0,4.049,11091.748,4.16669
1981903821978206209,5.195,30.570702,0.0,0.0,4.001,16032.454,2.337016
2032258331954905117,2.39,-125.0624,0.0,0.0,4.161,9885.531,3.0643756
2276831941929992219,2.042,63.59953,0.0,0.0,4.165,8810.488,6.806483
2247253829307334658,2.963,-104.92284,0.0,0.0,4.049,11091.748,3.98616
1730131945599270920,2.753,-7.673047,0.0,0.0,4.126,10839.27,2.9201374
1987081941790228481,2.138,-37.61799,0.0,0.0,4.196,9225.714,6.420171
1740108330128375829,3.967,-102.35079,0.0,0.0,4.146,13963.684,1.5718483
1740108334423343145,3.134,20.9667,0.0,0.0,4.054,11614.486,3.2258139
2032358335973425155,2.107,-59.243847,0.0,0.0,4.166,9015.711,4.0949483
1740108338584092690,3.932,-116.05858,0.0,0.0,4.085,13645.831,2.3137712
1740108338718310417,3.973,-134.00902,0.0,0.0,3.878,12735.031,3.7463222
1740108338718310443,2.602,81.48456,0.0,0.0,4.056,10115.795,2.5530996
1740108338718310480,2.39,100.85806,0.0,0.0,4.161,9885.531,4.6505
1981953828282433541,2.109,-86.23911,0.0,0.0,4.099,8810.488,4.5909243
1740158332137635857,8.062,-129.86841,0.0,0.0,4.029,21134.89,2.093679
2277131945395617794,2.042,56.145527,0.0,0.0,4.165,8810.488,5.4091396
2244481947474591758,2.008,18.765793,0.0,0.0,4.196,8810.488,5.9562693
1982008339873136677,2.317,-49.21019,0.0,0.0,4.098,9440.608,4.7957544
1740208338441863174,4.436,-140.27364,0.0,0.0,3.972,14288.939,5.9365644
1982058333426679812,4.365,51.168507,0.0,0.0,4.004,14288.939,6.80236
1982058333560897540,3.847,25.000963,0.39954734,27.291916,4.058,13335.214,5.695424
2277531944289828866,2.611,68.91487,0.0,0.0,4.113,10351.422,2.1907394
2273758338778923038,2.008,-19.801935,0.0,0.0,4.196,8810.488,6.3081684
2277581946299088910,2.664,89.55491,0.0,0.0,3.839,9440.608,1.7515804
2220308334068629505,2.142,-30.345411,0.0,0.0,4.133,9015.711,3.6690717
2220658335248547843,2.797,-61.872402,0.0,0.0,4.039,10592.537,4.931642
1740081946144276495,4.853,-138.86343,0.0,0.0,4.172,16032.454,4.370123
1740131948153536548,2.071,84.04351,0.0,0.0,4.197,9015.711,2.2012773
1988853826387443742,2.042,-112.91408,0.0,0.0,4.165,8810.488,6.851589
2019881941309849610,2.519,-65.51049,0.0,0.0,4.122,10115.795,2.1963346
2222808339908132867,2.641,-65.418655,0.0,0.0,3.965,9885.531,6.6735964
2277981949488267276,2.39,92.189705,0.0,0.0,4.161,9885.531,6.747815
1740458331174076442,2.271,68.66478,0.0,0.0,4.196,9660.509,5.2460904
2019881945604816917,2.205,-29.39228,0.0,0.0,4.196,9440.608,2.2357512
2019881945739034690,3.308,-157.70567,0.0,0.0,3.961,11614.486,3.1390576
2019881946007470116,2.427,-107.24116,0.046206605,-59.765305,4.184,10115.795,6.1041007
1981931945558278169,3.088,-142.87585,0.28775632,35.836414,4.173,12387.966,1.3304523
2245831946024255489,2.245,-169.04477,0.0,0.0,4.164,9440.608,1.8179582
1740331947600642051,3.847,-136.23692,0.0,0.0,4.058,13335.214,6.027414
1740331947600642065,2.071,92.79446,0.0,0.0,4.197,9015.711,5.326931
2019981949757554703,2.075,-50.238495,0.0,0.0,4.132,8810.488,3.173494
2020081940891172866,2.566,-83.16223,0.0,0.0,4.145,10351.422,5.7829185
1988581941938487298,3.899,100.3223,0.0,0.0,3.967,13031.668,4.4704204
1982031945013395473,2.042,-56.23192,0.0,0.0,4.165,8810.488,3.8454006
1740431942895009835,2.844,95.30245,0.0,0.0,4.006,10592.537,2.603887
1740431943029227591,2.788,97.98433,0.0,0.0,3.982,10351.422,4.5344043
1882958336668729345,2.211,45.789593,0.0,0.0,4.132,9225.714,1.3590971
1988631948242714641,2.175,-69.59314,0.0,0.0,4.165,9225.714,4.9122815
1740431947324194883,2.138,65.59888,0.0,0.0,4.196,9225.714,1.8571104
2020181944909692944,2.281,-62.777332,0.0,0.0,4.065,9225.714,5.367272
2020181949070442527,2.271,-107.05679,0.0,0.0,4.196,9660.509,1.4874085
1988781941519810595,3.125,-137.75745,0.0,0.0,4.096,11857.6875,3.4081337
1988781949975527462,2.281,-103.9601,0.0,0.0,4.065,9225.714,6.163936
2236308332786745356,2.601,-57.355164,0.0,0.0,3.936,9660.509,5.4728174
2269853826825584663,2.071,-2.8551712,0.0,0.0,4.197,9015.711,6.537968
2020381948517548043,2.008,-34.002636,0.0,0.0,4.196,8810.488,3.4464576
2020381948651765761,5.324,74.3523,0.0,0.0,4.029,16405.898,4.795022
2236808331270291459,2.641,-85.925545,0.0,0.0,3.965,9885.531,6.191184
2248581949159374849,2.602,11.486693,0.0,0.0,4.056,10115.795,6.4845185
2274358337120239617,3.363,-159.61232,0.0,0.0,4.145,12445.146,3.3834207
2053958332229615625,2.071,42.07142,0.0,0.0,4.197,9015.711,4.1633043
2248681948882927617,3.064,-2.0735943,0.0,0.0,3.984,11091.748,2.7127504
1989808331329372181,2.391,-106.391846,0.0,0.0,4.099,9660.509,2.1517806
1989808335490121730,6.127,117.4145,0.0,0.0,4.128,18407.72,3.4150386
1882753827908616198,3.57,99.13434,0.9463362,-47.23011,3.967,12416.523,2.7137818
1989808339919306773,3.06,-104.49174,0.0,0.0,4.124,11857.6875,6.398204
2249131949786398722,2.358,-135.85393,0.0,0.0,3.999,9225.714,2.542803
2055008335769370636,2.042,-0.22421628,0.0,0.0,4.165,8810.488,6.715064
2275008333175848964,2.142,14.764278,0.0,0.0,4.133,9015.711,6.5833154
2275008337470816260,5.21,-152.64717,0.0,0.0,3.849,15310.875,5.2607913
1884603824539172866,2.175,52.486923,0.0,0.0,4.099,9015.711,3.8577676
2055358336949288964,2.245,17.842634,0.0,0.0,4.098,9225.714,5.6360393
2055408330368614407,3.089,-6.4918623,0.0,0.0,4.029,11350.108,4.702776
2055408334663581701,2.553,-4.38426,0.0,0.0,4.195,10592.537,2.2694504
2275158339069411332,2.138,54.97515,0.0,0.0,4.196,9225.714,6.150921
1989281940137574401,3.878,84.19794,0.0,0.0,4.119,13645.831,3.2301366
2090203823233564673,2.075,30.85545,0.0,0.0,4.132,8810.488,4.875189
2275358338650734597,2.699,33.174755,0.0,0.0,4.156,10839.27,4.9059505
1989331942012616777,2.008,-106.8688,0.0,0.0,4.196,8810.488,4.7648816
1989331942146834510,2.946,-111.46074,0.0,0.0,3.997,10839.27,3.2257004
2270103828416167957,2.533,92.571335,0.0,0.0,3.871,9225.714,1.3796614
1742331941937479691,3.714,-133.80777,0.0,0.0,4.065,13031.668,2.6238012
1742331941937479726,2.109,69.60655,0.0,0.0,4.099,8810.488,4.9741364
2270153826130460674,3.047,-38.76693,0.0,0.0,4.168,11614.486,6.340225
2270203823844753411,2.432,-0.82679516,0.0,0.0,4.129,9885.531,1.8196694
2269881941815722011,2.751,-13.721993,0.0,0.0,4.071,10592.537,4.595551
2093203827825049601,2.657,5.5569725,0.0,0.0,4.136,10592.537,2.0175116
1989381944021876738,2.487,-46.774975,0.0,0.0,3.903,9225.714,6.4901457
1990003825221566474,2.751,-77.92629,0.0,0.0,4.071,10592.537,5.687856
1990003825355784193,5.314,112.44859,0.0,0.0,4.123,16788.041,6.2985134
2058208331486461966,3.315,-56.457718,0.9523871,-34.937256,4.106,12705.741,6.5687447
1909603828576026625,4.181,230.93602,0.0,0.0,4.106,14288.939,6.218671
2058208339673743376,2.141,-41.19155,0.0,0.0,4.066,8810.488,6.604772
2021331948173000715,2.696,-48.00996,0.0,0.0,4.047,10351.422,1.667563
1731653824445153286,5.364,-100.60763,0.0,0.0,3.937,16032.454,3.874834
2270353821282598923,2.8,74.81281,0.0,0.0,4.143,11091.748,6.3769817
1731703822159446025,3.903,-95.13017,0.0,0.0,3.91,12735.031,6.7174764
1731703826454413314,4.659,-90.05949,0.0,0.0,4.177,15667.511,1.7210332
1731753824168706093,2.664,98.18198,0.0,0.0,3.839,9440.608,3.9671757
2276858338798993427,2.008,70.627846,0.0,0.0,4.196,8810.488,2.6197598
2270131943272087553,3.428,-28.031946,0.0,0.0,4.171,12735.031,3.6692016
2276908336513286157,2.864,-117.327156,0.0,0.0,4.152,10864.256,1.6331211
2276908336513286158,3.108,-105.90653,0.0,0.0,4.14,11641.261,2.0840466
1911603823047081988,2.8,64.933426,0.0,0.0,4.143,11091.748,1.4694724
2277008331941871659,2.688,65.55084,0.0,0.0,3.99,10115.795,3.285022
2277008331941871671,3.365,104.574135,0.0,0.0,3.867,11350.108,2.4698768
2104353829213437955,2.595,93.734215,0.0,0.0,3.997,9885.531,1.8921449
2277058333951131655,3.309,-115.6403,0.0,0.0,4.178,12445.146,4.8835006
2277058333951131671,2.553,86.32291,0.0,0.0,4.03,9885.531,1.3379661
2026703826978865158,4.615,126.897026,0.0,0.0,4.117,15310.875,6.3730597
2244308336440770562,3.06,-104.1321,0.0,0.0,4.124,11857.6875,3.3643823
1909731943155499010,2.142,111.25889,0.0,0.0,4.133,9015.711,3.6733317
2244508335887876097,5.675,-233.73714,0.0,0.0,4.05,17179.084,1.4410897
2277558332568895519,2.245,50.98429,0.0,0.0,4.164,9440.608,6.844014
2026903826425970690,6.22,116.808975,0.0,0.0,4.189,18836.49,2.1272612
2277558336998080566,2.699,52.01945,0.58115005,-54.02299,4.156,10839.27,4.080426
2026953824006045705,3.795,119.49396,0.0,0.0,4.092,13335.214,6.7515426
2026953828435230728,3.195,-57.49333,0.0,0.0,3.964,11350.108,4.5891485
2060458331440414728,2.211,-12.134207,0.0,0.0,4.132,9225.714,6.3296885
1996353827262955521,2.138,-22.630583,0.19574687,-64.88952,4.196,9225.714,3.8604536
2127553829367971842,2.142,34.38832,0.0,0.0,4.133,9015.711,2.1719697
2027053823863816209,2.107,-81.758095,0.0,0.0,4.166,9015.711,4.734813
2293631947026464769,3.558,-155.20091,0.0,0.0,3.88,11885.022,1.9774656
1982581941479669777,2.641,-17.918932,0.0,0.0,4.185,10814.34,4.89242
2060508337744642056,2.753,-24.150156,0.0,0.0,4.126,10839.27,2.8615158
2060508337744642067,2.042,-8.651669,0.0,0.0,4.165,8810.488,1.9236164
1982581945908854786,2.724,21.685833,0.09641387,-29.173592,4.132,10162.487,2.9761412
1911481944760123394,2.008,55.22402,0.0,0.0,4.196,8810.488,1.6691791
1997353824364265521,2.655,-117.94588,0.0,0.0,4.08,10351.422,2.1057425
1997403826373525509,2.432,-63.06683,0.0,0.0,4.129,9885.531,3.7530916
2270803826481037347,2.142,105.098236,0.0,0.0,4.133,9015.711,1.604685
1914131943742504962,2.138,40.547886,0.0,0.0,4.196,9225.714,3.1390643
1925303828123484170,2.107,94.718636,0.0,0.0,4.166,9015.711,4.039513
2027903827956465666,3.418,83.10862,0.0,0.0,4.113,12445.146,4.054255
1731881943043145762,2.042,84.26942,0.0,0.0,4.165,8810.488,1.5538185
1731881943043145768,3.113,116.570175,0.0,0.0,3.951,11091.748,2.0774934
1731931945052405771,2.606,38.278145,0.0,0.0,4.166,10592.537,5.8685107
2026681944120492056,2.8,-36.133442,0.0,0.0,4.143,11091.748,2.280636
1983303822268694545,2.888,-68.28088,0.0,0.0,4.169,11587.773,1.3954937
1983303822402912262,2.008,-45.851986,0.0,0.0,4.196,8810.488,6.7673497
2026681948281241610,2.566,-64.74587,0.0,0.0,4.145,10351.422,6.703805
2069408334481457171,2.433,13.659105,0.0,0.0,3.999,9440.608,4.0113277
1731981946927448101,2.519,53.69427,0.0,0.0,4.122,10115.795,6.8248234
2069408338910642197,2.743,17.254965,0.0,0.0,4.015,10351.422,6.884314
1983303826697879632,2.787,-146.16447,0.0,0.0,3.868,9885.531,3.9345584
1983353820117205011,2.858,-40.363068,0.0,0.0,4.112,11091.748,4.6039214
2026781948139012099,2.688,-51.084995,0.0,0.0,3.99,10115.795,1.9377667
1983353824680607762,2.245,-19.529099,0.3078753,28.181896,4.164,9440.608,2.2833135
2028403822279262217,2.664,-119.38638,0.0,0.0,3.839,9440.608,5.3951826
2270953828213850146,2.511,89.37087,0.0,0.0,4.064,9885.531,3.9393182
2270953828213850154,2.993,105.62755,0.0,0.0,3.852,10351.422,3.9577951
1983503821850017798,2.884,-169.99573,0.0,0.0,3.861,10115.795,6.644421
2271103821356728333,2.938,43.263973,0.0,0.0,3.884,10351.422,4.2780943
2131131949442400258,2.075,72.35198,0.0,0.0,4.132,8810.488,6.6051097
1729403824222765082,2.837,-14.215252,0.0,0.0,3.949,10351.422,6.1186566
2027131940728995854,3.558,-82.032616,0.0,0.0,3.88,11885.022,2.7379138
1767453828422041607,2.941,-20.473618,0.0,0.0,3.829,10115.795,6.077197
1732131948794478621,2.521,112.778015,0.0,0.0,3.935,9440.608,3.0990193
2132831944742797314,2.205,44.54094,0.0,0.0,4.196,9440.608,6.383523
1983553823859277846,3.193,-149.97954,0.0,0.0,4.023,11614.486,3.5613892
2251108334822227969,2.751,-192.29398,0.0,0.0,4.071,10592.537,6.069648
1945603827705053198,2.042,60.677193,0.0,0.0,4.165,8810.488,5.567986
2198003821576192003,2.474,-16.279009,0.0,0.0,4.154,10115.795,4.7838845
2271503829109309470,3.074,-1.2669684,0.52127564,-57.836044,4.083,11614.486,3.5204139
1770153825387151362,6.089,-180.79715,0.0,0.0,3.824,16788.041,2.9173903
1983531941000904764,2.246,-115.67633,0.0,0.0,4.034,9015.711,2.59264
1983531945295872018,2.142,-90.62572,0.0,0.0,4.133,9015.711,5.6530204
1983531945295872032,2.511,-136.76028,0.0,0.0,4.0,9660.509,6.621331
1732678083950936098,2.075,114.22809,0.0,0.0,4.132,8810.488,1.5123142
1983531949590839361,2.553,-154.38776,0.0,0.0,4.03,9885.531,1.6222335
1765431942502678533,2.175,-18.18651,0.0,0.0,4.099,9015.711,1.697739
1767178087360888835,2.694,-0.121583216,0.0,0.0,3.871,9660.509,1.3705988
2270981947364737081,2.753,91.097275,0.0,0.0,4.126,10839.27,1.7745874
1733053829030608918,2.209,102.83401,0.0,0.0,4.066,9015.711,3.653555
2020190637789282308,2.893,-16.485537,0.0,0.0,3.973,10592.537,3.008732
1765681944093261826,2.205,-24.159271,0.0,0.0,4.196,9440.608,4.030265
2027931947107352580,3.896,-28.548807,0.0,0.0,3.807,12416.523,4.4409833
1740090630568149006,7.519,-124.308075,0.0,0.0,4.196,21134.89,6.7237887
1740090630568149047,2.902,79.13154,0.0,0.0,4.03,10839.27,4.888327
2274553826851684365,2.611,66.8297,0.0,0.0,4.113,10351.422,3.5154796
1805290639303114753,2.742,-1.9375978,0.0,0.0,4.173,11091.748,2.2031887
2030603829082324998,3.363,-83.17208,0.0,0.0,3.928,11614.486,3.144262
2004153827309125635,2.109,-74.26865,0.61840856,-61.108665,4.099,8810.488,4.367579
1740090639158083598,4.271,-151.40923,0.0,0.0,3.979,13963.684,3.1173344
1740090639158083660,3.104,45.954716,0.0,0.0,3.844,10592.537,4.1435175
2247140639739215873,5.819,-202.53462,0.0,0.0,4.075,17579.236,4.10681
1740140632577409092,2.736,76.162766,0.0,0.0,3.958,10115.795,2.2036986
1988590639381479459,3.195,-133.35948,0.0,0.0,3.964,11350.108,1.2444507
1740140636738158675,3.193,76.54468,0.0,0.0,4.023,11614.486,4.6730213
1740140636872376334,3.932,-138.47006,0.0,0.0,4.085,13645.831,6.0931354
1740140636872376356,2.109,54.66348,0.0,0.0,4.099,8810.488,5.605669
2202253824859570177,2.401,-85.49265,0.0,0.0,3.968,9225.714,3.0846803
1732681940831567894,2.175,117.53157,0.0,0.0,4.165,9225.714,5.8384757
1767181948536487937,3.878,-217.78336,0.0,0.0,4.119,13645.831,6.3375854
1948553821831561218,2.271,-15.619287,0.0,0.0,4.196,9660.509,4.841585
1945831946303045639,2.91,73.743454,0.0,0.0,4.081,11091.748,5.425154
2202903820915179521,4.641,-183.03067,0.0,0.0,3.814,13963.684,4.873388
2271903823440117768,2.354,142.60194,0.0,0.0,4.133,9660.509,4.63814
2028381948010823719,2.354,-150.26317,0.0,0.0,4.133,9660.509,5.5298476
2292340639204900866,2.657,22.347473,0.0,0.0,4.136,10592.537,2.3671918
2292390632758444033,5.67,-171.39282,0.0,0.0,4.143,17579.236,4.6030774
2271531943696793635,2.281,60.078663,0.0,0.0,4.131,9440.608,2.3985507
2292440630472736774,2.611,9.004652,0.0,0.0,4.113,10351.422,6.750081
1770178083362439172,2.075,35.86602,0.0,0.0,4.132,8810.488,3.8487043
1772253828037476356,2.555,-4.0425863,0.0,0.0,3.968,9660.509,4.7853575
2205353820450455553,2.284,-64.44892,0.0,0.0,4.001,9015.711,6.027275
1733078087140114439,2.519,7.0559516,0.0,0.0,4.122,10115.795,6.1455064
1981890632133640205,2.141,-6.7919917,0.0,0.0,4.066,8810.488,4.9861584
1988790638694367270,2.602,-96.95239,0.0,0.0,4.056,10115.795,1.7293311
1988790638828584994,2.852,-84.55225,0.0,0.0,4.062,10839.27,3.2427845
1740440636043034671,2.519,68.31925,0.0,0.0,4.122,10115.795,1.698103
2270258335703891972,2.972,-62.61921,0.59562886,-64.654755,4.082,10641.431,5.7020354
2076440639188238342,2.487,-55.00358,0.0,0.0,3.903,9225.714,3.674476
1770528088837324810,2.246,4.058563,0.0,0.0,4.034,9015.711,6.624921
1740490638052294675,2.553,32.06121,0.0,0.0,4.195,10592.537,2.3615437
1740490638052294693,2.319,74.41836,0.0,0.0,4.032,9225.714,4.5610204
1740490638186512403,2.107,31.691143,0.3685708,-17.899405,4.166,9015.711,1.4847753
1947831949498253314,2.042,-4.2802677,0.0,0.0,4.165,8810.488,2.7790072
1947881942917578769,2.657,39.860504,0.0,0.0,4.136,10592.537,3.2527096
2276653825207042092,2.432,75.86717,0.0,0.0,4.129,9885.531,2.9921017
1947931949221806087,2.317,8.003729,0.0,0.0,4.098,9440.608,4.1377087
2276653829636227120,2.391,98.75449,0.0,0.0,4.099,9660.509,5.06056
1773153829844418578,2.632,-68.694336,0.0,0.0,3.808,9225.714,3.796467
2276703823055552533,2.886,86.1505,0.0,0.0,3.917,10351.422,4.329932
1770728088150212615,2.245,26.813135,0.0,0.0,4.164,9440.608,4.8886366
1770181948698787851,2.837,12.169424,0.0,0.0,3.949,10351.422,2.5580924
2276703827350519841,2.391,113.568436,0.0,0.0,4.099,9660.509,3.3010986
2004131948477284358,2.533,-52.865997,0.0,0.0,3.871,9225.714,6.4000473
2251740635478360065,2.476,13.0721655,0.0,0.0,3.967,9440.608,6.1844687
2276853824654147594,8.382,-127.54014,0.0,0.0,3.874,20701.414,5.6922665
1770481948003663887,3.424,44.222755,0.0,0.0,3.834,11350.108,6.875411
2197781947726430217,3.143,-31.148745,0.0,0.0,3.996,11350.108,4.623495
2197981947307753475,2.952,-68.10291,0.0,0.0,4.14,11587.773,3.9576113
2092408339752288262,2.888,49.067093,0.0,0.0,4.169,11587.773,5.839522
1771028083025903620,3.216,41.141434,0.0,0.0,3.835,10839.27,2.170752
2198081947031306241,5.379,-228.93703,0.0,0.0,4.183,17179.084,5.540847
1954653826443116548,2.893,-41.199913,0.0,0.0,3.973,10592.537,5.071641
1982140637884973077,2.511,-67.14201,0.0,0.0,4.0,9660.509,4.248288
2269840632820269083,3.252,8.591935,0.0,0.0,4.037,11885.022,3.2743418
1954753821871702018,2.743,-40.15092,0.0,0.0,4.015,10351.422,2.9218295
2296308338717097985,3.331,-128.07391,0.0,0.0,4.038,12133.889,2.9947357
2222503826861064193,2.353,-103.09509,0.0,0.0,4.065,9440.608,6.64876
2277053824235470861,3.106,-109.60873,0.0,0.0,4.183,11885.022,5.67092
1770831940593647626,3.331,38.097343,0.0,0.0,4.038,12133.889,6.859842
1770881946897874946,2.177,27.132973,0.0,0.0,4.033,8810.488,5.498099
2269940632409604115,2.401,137.52054,0.0,0.0,3.968,9225.714,4.3350525
1772428083584827407,2.994,-29.618956,0.0,0.0,3.908,10592.537,5.5291114
1989340639455608918,3.195,-113.654335,0.0,0.0,3.964,11350.108,6.31258
1742340639246254116,2.852,75.92781,0.0,0.0,4.062,10839.27,5.620128
1733278086453002241,7.519,-62.93343,0.0,0.0,4.196,21134.89,4.9901786
1742390637094764545,3.878,-134.77684,0.0,0.0,4.119,13645.831,6.2872868
1742390637094764549,2.706,22.450953,0.0,0.0,4.104,10592.537,3.8897326
1772181943304060931,6.223,-225.3649,0.0,0.0,4.095,18407.72,3.516458
2278003823622488066,2.443,47.663025,0.0,0.0,3.935,9225.714,5.139066
1946178086710018058,3.364,63.23542,0.1307316,-32.342678,4.057,12416.523,6.0347595
1983528088415240243,2.175,-175.76868,0.0,0.0,4.165,9225.714,1.259506
2236553824393232389,3.589,-40.28485,0.0,0.0,3.914,12161.86,4.3783417
2089740636780494849,2.706,8.950099,0.0,0.0,4.104,10592.537,5.871939
2017753823669387298,2.075,-85.94967,0.0,0.0,4.132,8810.488,2.0627577
2162628087085268993,2.751,9.7618885,0.0,0.0,4.071,10592.537,4.1325235
1946478085612240910,2.141,76.02915,0.0,0.0,4.066,8810.488,6.001633
2205931940362584066,2.553,-32.79467,0.0,0.0,4.195,10592.537,4.929784
2270340635733000212,2.835,105.42504,0.0,0.0,3.893,10115.795,1.9944901
2028728083720175624,2.393,-29.190067,0.0,0.0,4.032,9440.608,4.736512
1983678086121521165,2.245,-136.76077,0.13504322,64.88859,4.164,9440.608,6.830231
2055003826053709833,2.107,37.495335,0.0,0.0,4.166,9015.711,3.468574
1788053827442704387,3.011,71.33918,0.0,0.0,4.112,11587.773,6.7827487
1956253826180710423,2.595,-38.13806,0.0,0.0,3.997,9885.531,2.3258317
1947828084027686913,3.418,207.74977,0.0,0.0,4.113,12445.146,4.910956
2170978087758462981,2.138,-32.781696,0.0,0.0,4.196,9225.714,5.4572797
1948028083474792458,2.852,97.47931,0.0,0.0,4.062,10839.27,3.1023962
1910040639634931717,2.319,42.01151,0.0,0.0,4.032,9225.714,3.6840189
2004128083006717958,3.074,-43.80016,0.0,0.0,4.083,11614.486,1.7976425
2172928080220258305,2.516,-24.11521,0.0,0.0,4.175,10351.422,5.143773
2173328083409436673,2.353,-60.536594,0.0,0.0,4.065,9440.608,6.4606743
1731640638895554569,6.388,-84.619125,0.0,0.0,4.027,18407.72,4.9867826
2271628082110529573,2.211,121.50927,0.0,0.0,4.132,9225.714,6.7827497
2271628082244747303,3.313,149.56075,0.0,0.0,4.007,11885.022,1.264121
2271628086539714591,3.373,137.12216,0.0,0.0,3.976,11885.022,3.8331752
1731740634592575499,5.794,-84.78868,0.77923054,-89.11856,3.92,16788.041,6.2293572
2030578080753385477,2.432,-69.244316,0.0,0.0,4.129,9885.531,4.793333
1733053936539009044,2.787,2.401001,0.0,0.0,3.868,9885.531,3.931546
1911440631469703174,2.427,99.851364,0.0,0.0,4.184,10115.795,3.4477398
1947903937445101578,2.401,41.987034,0.0,0.0,3.968,9225.714,6.1493874
1733103934119084044,3.06,53.41139,0.0,0.0,4.124,11857.6875,6.252518
2197828088694308869,2.358,-63.636353,0.0,0.0,3.999,9225.714,2.3426833
1948928085147516930,2.427,-5.1378126,0.0,0.0,4.184,10115.795,1.6183122
1729578083930865669,3.54,-15.264225,0.0,0.0,4.049,12445.146,3.3602278
1729578083930865694,3.134,33.430134,0.0,0.0,4.054,11614.486,1.5340731
2202953934593589250,2.427,-31.881657,0.0,0.0,4.184,10115.795,5.0736346
1729628081645158434,2.699,8.900361,0.0,0.0,4.156,10839.27,4.790251
2272028081273176065,2.075,18.68133,0.7261071,59.74102,4.132,8810.488,1.7741776
1729628086074343441,2.835,58.251602,0.01348335,-57.183147,3.893,10115.795,6.6939974
2199028089671909377,3.847,-229.4539,0.0,0.0,4.058,13335.214,3.6955976
1997390632233992195,2.008,-47.72448,0.0,0.0,4.196,8810.488,2.4596527
2026640639285788682,2.075,-24.518896,0.0,0.0,4.132,8810.488,3.780574
2026690632839331848,3.478,130.2994,0.0,0.0,4.082,12445.146,6.1195645
2026690637000081438,2.281,-97.45212,0.0,0.0,4.065,9225.714,2.1908278
2026740634848591876,3.309,148.17432,0.0,0.0,4.178,12445.146,1.2447252
2127440639934070787,2.142,30.561348,0.0,0.0,4.133,9015.711,2.57318
2127640635086209027,2.602,26.525503,0.0,0.0,4.056,10115.795,5.670112
1954578084694851586,3.106,172.63551,0.0,0.0,4.183,11885.022,2.1387675
1954628082274926604,2.042,-70.06801,0.0,0.0,4.165,8810.488,1.8742235
1954628086704111621,3.222,157.51204,0.0,0.0,4.123,11912.42,3.2220566
1772453939287949324,3.089,34.777763,0.0,0.0,4.029,11350.108,3.313301
1954678084418404355,3.93,134.65694,0.0,0.0,3.857,12473.835,1.2086014
1954678088713371664,2.595,-94.11697,0.0,0.0,3.997,9885.531,2.634357
1732140633084133377,5.113,-78.14648,0.0,0.0,3.824,14962.356,5.376677
2032253938203361320,3.248,-153.25415,0.0,0.0,4.133,12676.519,2.482522
1954728081998479361,2.391,-36.58736,0.0,0.0,4.099,9660.509,5.162382
1772653930145120258,2.751,10.527674,0.0,0.0,4.071,10592.537,6.597739
1772653938600837133,2.706,11.499873,0.0,0.0,4.104,10592.537,3.1768053
2202478082281963521,12.202,-173.1513,0.0,0.0,4.168,27164.393,2.4020045
1954828081722032138,2.611,-65.731476,0.0,0.0,4.113,10351.422,6.6400337
1954828086151217153,3.499,178.45149,0.0,0.0,4.029,12189.8955,1.6337271
2213953938544132097,2.109,-79.03625,0.0,0.0,4.099,8810.488,5.423512
2271140637816389645,2.963,106.81014,0.0,0.0,4.049,11091.748,2.157315
1738678088838938627,5.314,-144.53244,0.0,0.0,4.123,16788.041,6.8358107
2204878084237164545,2.511,-44.435986,0.0,0.0,4.0,9660.509,1.7541326
1773153937352818702,2.474,-21.966145,0.0,0.0,4.154,10115.795,6.5602913
1738828081981816833,3.478,-123.38107,0.0,0.0,4.082,12445.146,4.8073807
1738828086276784137,7.821,-155.77808,0.0,0.0,4.094,21134.89,1.3685516
1738878083856859163,2.175,60.5659,0.0,0.0,4.165,9225.714,1.3910488
1729653933053313033,2.071,-12.764243,0.0,0.0,4.197,9015.711,3.4760287
2207928082247974913,2.245,-190.20013,0.0,0.0,4.164,9440.608,3.7348466
1954903935273664513,3.847,165.88374,0.0,0.0,4.058,13335.214,2.3977816
2212378089273425921,2.401,-175.71689,0.0,0.0,3.968,9225.714,4.2809935
1955003930702249992,3.967,133.11519,0.0,0.0,3.992,13335.214,3.1933439
1955003934997217288,6.84,196.00652,0.0,0.0,4.145,19724.227,2.5706058
2271590630264143913,3.57,99.170815,0.33402556,-33.14317,3.967,12416.523,4.2636857
2017678086216089625,2.138,-126.57434,0.0,0.0,4.196,9225.714,5.9893017
2271590634424893467,3.074,109.8177,0.0,0.0,4.083,11614.486,4.028753
1983340634433388605,3.364,-161.64842,0.0,0.0,4.057,12416.523,1.5740029
1983340634567606297,2.177,-69.21999,0.0,0.0,4.033,8810.488,3.8845296
2027940631531225098,2.107,-72.79991,0.0,0.0,4.166,9015.711,4.8206863
1955578086225346573,3.045,9.619589,0.0,0.0,3.875,10592.537,3.651434
1729978087120044051,2.39,73.352066,0.0,0.0,4.161,9885.531,3.519977
1739378082743058437,3.566,-132.89644,0.55312335,64.922905,3.999,12189.8955,2.6178691
1985528087181262888,3.169,-96.12895,0.0,0.0,3.919,11091.748,2.1523385
1983390636442648612,2.042,-99.59114,0.0,0.0,4.165,8810.488,2.8773706
2233953939089260550,2.664,-27.164131,0.0,0.0,3.839,9440.608,1.5857315
2017778081778892824,2.511,-110.020515,0.0,0.0,4.0,9660.509,1.4795982
1730078086843596835,2.205,81.97916,0.0,0.0,4.196,9440.608,4.428165
1955728083663192074,3.868,-12.648523,0.0,0.0,3.859,12705.741,6.649421
2017778086073860131,2.345,-143.32822,0.0,0.0,4.192,9885.531,3.7478056
1955778089967419395,3.249,-29.133097,0.0,0.0,3.992,11614.486,3.7795026
2293403828428472322,2.175,-15.107451,0.0,0.0,4.165,9225.714,5.6152277
2017753935338536982,2.555,7.6180887,0.0,0.0,3.968,9660.509,4.167115
2220278084882399233,3.351,-155.2573,0.5757682,-36.1555,4.066,11912.42,6.4573007
1739528084341653554,2.429,95.81626,0.0,0.0,4.066,9660.509,5.984798
1955553935624241156,2.211,-40.01774,0.0,0.0,4.132,9225.714,6.492971
1955553935624241169,3.113,-5.7280464,0.0,0.0,3.951,11091.748,6.107577
1955928083110297610,2.39,-10.436108,0.0,0.0,4.161,9885.531,5.7438045
2028340634720403483,2.837,-103.27453,0.0,0.0,3.949,10351.422,5.561931
1766590630189858820,2.008,-21.45885,0.0,0.0,4.196,8810.488,4.4453497
2222628088720654337,3.252,-143.86504,0.0,0.0,4.037,11885.022,6.5975866
2223428082214109185,2.314,-134.34663,0.0,0.0,4.165,9660.509,5.7105756
2028390636595445786,2.657,-83.44682,0.0,0.0,4.136,10592.537,1.5922483
2028390636729663491,3.31,89.78031,0.0,0.0,4.122,12161.86,5.9690905
2028390636729663520,2.606,-108.94181,0.0,0.0,4.166,10592.537,5.5192304
1802078089665052673,3.988,-232.23999,0.0,0.0,4.051,13645.831,6.4002204
2053753939030966276,2.837,33.542637,0.0,0.0,3.949,10351.422,4.691424
1983640638033231887,3.104,-44.638794,0.0,0.0,3.9,10839.27,4.685432
2053903932039626758,3.313,75.99941,0.0,0.0,4.007,11885.022,5.411559
1983690635613306899,2.314,-138.8496,0.0,0.0,4.165,9660.509,5.8422065
1956378088308736013,2.472,-32.28879,0.0,0.0,4.097,9885.531,5.264902
2017853939491274763,3.193,-26.939121,0.0,0.0,4.023,11614.486,5.5346336
2053828087212146689,2.8,25.5224,0.0,0.0,4.143,11091.748,5.122684
2004140632901156869,2.042,-78.218254,0.0,0.0,4.165,8810.488,5.1257277
2237053930519396357,2.427,-77.1034,0.0,0.0,4.184,10115.795,3.4793732
2054128082222055430,2.516,39.967846,0.0,0.0,4.175,10351.422,6.52804
2234728089630277635,2.175,-64.66826,0.0,0.0,4.099,9015.711,5.9250474
1947940637806428170,2.281,37.911964,0.0,0.0,4.065,9225.714,1.9053862
1736203938568339457,2.354,-14.760857,0.0,0.0,4.133,9660.509,3.6959488
2198290635465687043,2.837,-54.224815,0.6915464,-75.444595,3.949,10351.422,5.797821
1811478089448816641,2.075,-21.01292,0.0,0.0,4.132,8810.488,2.06184
1948240637111304201,2.753,35.61526,0.0,0.0,4.126,10839.27,4.4480877
1729390630217449606,2.109,-17.935743,0.7992978,-81.11105,4.099,8810.488,5.6715
2274328087665573901,2.39,20.399261,0.0,0.0,4.161,9885.531,3.796418
2238103938219900929,3.045,-92.53502,0.0,0.0,3.875,10592.537,2.0192008
2018178084833853477,3.834,-104.99974,0.0,0.0,3.839,12445.146,3.4467607
2274378089674833925,2.142,38.932404,0.0,0.0,4.133,9015.711,5.54826
2274378089674833928,2.107,83.20355,0.0,0.0,4.166,9015.711,5.542002
2018178089397256195,3.351,8.593585,0.6815367,33.655846,4.066,11912.42,2.2540784
2274478080808452112,2.736,36.82081,0.0,0.0,3.958,10115.795,3.5417595
1986103934787256326,2.677,167.1045,0.0,0.0,4.175,10375.284,2.8653338
1986103934921474061,4.335,136.10411,0.0,0.0,4.098,14621.771,5.1140966
1986103934921474072,2.474,-63.368248,0.0,0.0,4.154,10115.795,1.9962981
1733090632739586059,2.353,92.54149,0.0,0.0,4.065,9440.608,3.4993591
2018278088852373506,2.468,-29.788671,0.0,0.0,4.033,9660.509,5.195386
1986153936796516375,2.743,-53.94263,0.0,0.0,4.015,10351.422,4.974178
2018203932081258521,2.641,16.815672,0.0,0.0,3.965,9885.531,3.7599318
1948840631157653509,2.785,-4.019215,0.0,0.0,3.925,10115.795,1.5524013
2242853935960293382,2.141,22.104984,0.0,0.0,4.066,8810.488,5.6631494
