source_id,mass,radial_velocity,teff,logg,spectral_type,mag_g,mag_bp,mag_rp,age,radius
1772928092940009524,0.932,-74.14749,6109.4204,4.253,F8V,21.109081,21.637722,20.389637,10.0,1.1930299
1729428090653769749,1.68,-18.946568,7673.6147,4.2,A8V,17.943316,18.549723,17.15823,0.575,1.6774567
1772928092940009527,0.881,-106.31154,6151.7686,4.16,F5.5IV,17.324696,17.738808,16.71073,12.0,1.290183
1729428090653769763,1.553,-58.870792,7328.245,4.246,A9.5V,20.81174,22.1971,19.614952,0.575,1.5298587
1729428090653769993,1.137,137.63199,3357.3762,0.452,M5.5III,15.966519,20.49595,14.33853,10.0,94.76573
1772928092940009529,0.881,-121.691666,6151.7686,4.16,F5.5IV,17.749924,18.149305,17.151134,12.0,1.290183
1729428090653770017,1.13,-171.40253,3819.4426,1.22,K9III,17.50135,20.648346,15.957001,10.0,42.525684
1729428090653770021,1.13,-249.3381,3899.42,1.373,K8III,18.793894,21.90595,17.257267,10.0,35.863388
1729428090653770049,1.13,-100.91913,3698.2817,1.018,M0.5III,18.258055,21.643078,16.699871,10.0,53.78378
1772928093074227206,0.226,-19.721254,3357.3762,5.052,M2.5V,21.384445,22.755323,20.17904,4.0,0.23369601
1729428090653770072,1.13,-43.339363,3605.7864,0.864,M2III,17.191761,21.412533,15.554397,10.0,64.069496
1729428090787987473,1.469,30.524878,6998.42,4.255,F1V,18.660816,19.421179,17.76652,0.575,1.4745222
1729428090787987482,1.414,36.013397,6839.1167,4.274,F2.5V,19.649157,20.64263,18.620325,0.575,1.4146575
1772928093074227207,0.166,-4.5429177,3221.0688,5.122,M4V,24.250519,26.03688,22.915846,4.0,0.18392947
1729428090787987487,1.925,-0.50690794,8413.951,4.158,A5V,20.424889,21.911652,19.187828,0.575,1.8908249
1729428090787987490,2.516,-10.069233,10351.422,4.175,B9.5Ve,19.717598,20.904072,18.583284,0.575,2.1117928
1772928093074227208,0.184,22.780901,3273.407,5.099,M3.5V,24.017103,25.844933,22.675274,4.0,0.19890757
1729428090787987565,1.514,-13.641297,6668.068,3.937,F3IV,18.445068,19.317766,17.481472,2.5,2.1609828
1729428090787987705,0.993,208.45767,3589.2192,0.509,M2III,16.877825,21.47625,15.237749,10.0,91.75956
1772928093074227210,0.58,-11.116489,4365.158,4.72,K5V,21.560373,22.459515,20.588743,4.0,0.54531986
1729428090787987732,1.13,-72.483215,3698.2817,1.018,M0.5III,17.596039,20.804197,16.054033,10.0,53.78378
1729428090787987753,1.136,47.96206,4008.6672,1.496,K6III,18.876005,21.869387,17.35752,10.0,28.4873
1772928093074227214,0.313,35.1746,3451.4375,4.967,M2.5V,21.778141,23.089592,20.605059,6.0,0.30384445
1729428090787987768,1.136,-43.302956,4008.6672,1.496,K6III,19.662886,23.130463,18.089954,10.0,28.4873
1772928093074227216,0.882,-1.1446894,6039.4863,4.475,F9V,18.63033,19.082048,17.984623,6.0,0.88848746
1772928093074227222,0.7,-27.965738,5357.968,8.19,DAVII,30.192394,30.700493,29.488056,6.0,0.011133999
1772928093074227224,0.295,-29.926023,3443.4993,4.973,M2.5V,18.71566,19.906237,17.590714,8.5,0.2928541
1772928093074227232,0.403,-10.196728,3664.3757,4.897,M0.5V,23.396278,24.591545,22.271427,8.5,0.37209284
1772928093074227233,0.416,20.334146,3548.1338,4.878,M1.5V,23.618275,25.057228,22.401306,8.5,0.3860569
1772928093074227236,0.9,-4.1634326,4285.485,8.5,DBVII,31.400831,31.942188,30.667667,8.5,0.008762972
1772928093074227240,0.476,-3.8702607,3881.5037,4.854,M0V,22.442402,23.517927,21.388033,10.0,0.42721975
1772928093074227251,0.239,-28.722778,3523.7087,5.039,M2V,26.907663,28.34148,25.698729,10.0,0.24470977
1729428090787987804,1.13,-27.499619,3235.9365,0.255,M7III,17.138065,23.52777,15.387808,10.0,129.0183
1729428090922205241,1.285,75.79955,6934.2583,4.357,F2V,23.761782,25.593142,22.435787,0.575,1.2264541
1729428090922205306,0.249,62.439693,3639.1504,5.05,M1V,24.49353,26.03996,23.235386,4.0,0.24470977
1729428090922205400,0.098,117.89702,2805.4336,5.274,M7V,29.527895,32.920128,27.940962,8.5,0.11930299
1729428090922205456,0.319,-58.055054,3917.4187,4.969,M0V,28.896297,32.05086,27.365509,10.0,0.3010588
1729428090922205519,0.15,-245.09857,3427.678,5.157,M2.5V,30.836958,34.406456,29.253103,10.0,0.16697495
1729428091056422927,2.052,4.391295,8413.951,4.027,A5IV,17.218674,17.873701,16.391241,0.575,2.262827
1729428091056422939,2.596,-9.402031,7345.1387,3.289,F0III,17.0225,18.190037,15.908055,0.575,5.951841
1729428091056423140,0.245,16.040321,3483.373,5.032,M2V,30.982187,34.97211,29.37177,8.5,0.24925926
1729428091190640868,0.409,21.049522,3539.9734,4.884,M1.5V,30.002186,33.99211,28.39177,8.5,0.38075998
1729428091727511567,4.362,-0.54006946,,,,16.855701,17.535082,16.011951,0.575,
1729428091727511569,3.025,24.678638,,,,18.30542,19.106049,17.384907,0.575,
1729428091727511578,2.636,-11.183009,,,,19.173332,20.178225,18.138718,0.575,
1729428091727511579,7.482,1.0077798,,,,14.643647,16.390673,13.340972,0.575,
1729428091727511583,2.136,-0.40724233,,,,20.424297,21.91155,19.18702,0.575,
1729428091727511586,3.057,-10.156456,,,,19.714447,20.903286,18.578897,0.575,
1729428091727511609,4.549,41.30929,,,,19.13177,21.385098,17.719198,0.575,
1729428091727511661,5.572,-7.466676,,,,18.414265,19.29621,17.444958,2.5,
1729428091727511674,1.282,63.03709,,,,19.108353,19.926456,18.179678,4.0,
1729428091727511768,1.036,70.962204,,,,20.947086,22.060867,19.862255,8.5,
1729428091727511780,2.777,21.27404,,,,20.20305,23.566551,18.644178,8.5,
1729428091727511801,2.987,212.55562,,,,16.877592,21.47514,15.237544,10.0,
1729428091727511824,1.451,-58.247353,,,,20.499826,23.270243,19.008326,10.0,
1729428091727511828,1.711,-71.4043,,,,17.595827,20.803858,16.053835,10.0,
1729428091727511849,1.499,48.758408,,,,18.87586,21.86925,17.357374,10.0,
1729428091727511864,2.198,-22.910698,,,,19.662817,23.13021,18.089897,10.0,
1729428091727511887,1.285,-244.9225,,,,20.514095,23.07201,19.051365,10.0,
1729428091727511900,2.247,-28.45053,,,,17.13381,23.39233,15.38454,10.0,
1729428092801253380,1.868,-17.348347,7852.3564,4.047,A7IV,16.019875,16.576918,15.275676,0.575,2.1117928
1729428092801253391,2.656,-3.190304,4742.42,2.561,G9III,15.174249,16.248032,14.110932,0.575,13.952477
1729428092801253393,1.33,23.66639,6668.068,4.315,F4V,18.677801,19.335638,17.858002,0.575,1.3081312
1729428092801253396,1.05,-13.4261875,5915.616,4.487,G0V,20.579372,21.548008,19.564358,0.575,0.95642585
1729428092801253415,2.598,155.55481,4036.4539,1.419,K5II,17.4824,20.375069,15.971551,0.575,51.127117
1729428092801253420,3.902,89.86296,11885.022,3.721,B8III,20.649584,22.799587,19.244665,0.575,4.452986
1772928093074227252,0.766,-129.28935,5345.6436,4.608,G7V,22.800373,23.449041,21.988344,10.0,0.7221897
1772928093074227255,0.241,-105.53251,3647.5396,5.043,M1.5V,23.726526,24.891605,22.632431,12.0,0.24470977
1772928093074227257,0.798,-121.6883,5888.4365,4.51,G0.5V,18.918867,19.354265,18.283194,12.0,0.82158273
1772928093208444960,0.817,-16.13781,5296.6343,4.547,G7V,19.661827,20.27183,18.882154,8.5,0.788227
1772928093208444961,0.395,35.768806,3531.8318,4.897,M1.5V,23.778275,25.217228,22.561306,8.5,0.36868146
1772928093208444980,0.533,-97.07886,4027.1704,4.791,K9V,25.07136,26.177593,24.000841,10.0,0.48601684
1772928093879533574,0.527,-26.343712,,,,20.225414,21.53881,19.048548,4.0,
1772928093879533575,0.908,-4.3989882,,,,19.12479,19.782684,18.31035,4.0,
1772928093879533576,0.863,22.775866,,,,19.78001,20.577446,18.867939,4.0,
1772928093879533578,1.902,-11.046423,,,,17.16656,17.82488,16.350412,4.0,
1772928093879533582,0.649,11.214695,,,,20.865238,22.17669,19.692156,6.0,
1772928093879533584,1.885,-13.852877,,,,17.605343,18.057062,16.959637,6.0,
1772928093879533590,1.559,-27.560804,,,,20.67623,21.245186,19.927963,6.0,
1772928093879533592,1.167,-27.827206,,,,13.841146,14.256696,13.237628,8.5,
1772928093879533600,1.926,-14.703278,,,,19.269493,19.942017,18.440956,8.5,
1772928093879533601,1.534,29.821266,,,,20.756035,21.559889,19.833893,8.5,
1772928093879533604,1.8939999,2.0204484,,,,19.195143,19.751915,18.45513,8.5,
1772928093879533608,1.408,-2.852318,,,,17.836596,18.35001,17.12763,10.0,
1772928093879533619,1.185,-26.043457,,,,20.344582,20.856924,19.640099,10.0,
1772928093879533620,2.231,-98.558556,,,,20.878492,21.436293,20.134157,10.0,
1772928093879533625,1.679,-121.69006,,,,17.431562,17.839985,16.82328,12.0,
1772928095221710878,0.482,-29.7213,3672.823,4.815,M0V,22.532665,23.68686,21.415031,8.5,0.447354
1772928095355928631,0.444,-106.32994,3944.573,4.89,M0V,22.11122,23.12246,21.087969,12.0,0.3968728
1772928096027017246,1.307,-29.729738,,,,19.273651,19.917505,18.468151,8.5,
1985128090300317704,1.409,-132.92305,4518.5596,2.455,K1.5III,13.666731,14.315115,12.863766,4.0,11.445936
1772928096027017271,1.566,-106.19687,,,,17.308615,17.729725,16.687077,12.0,
1772928097100759041,0.527,14.438741,3758.374,4.772,M0V,19.7008,20.83043,18.603935,0.575,0.4905139
1985128090300317706,1.123,-214.18709,5970.353,4.305,F9V,18.93129,19.349646,18.324505,4.0,1.2208191
1772928097100759046,0.743,-13.519031,4709.7734,4.633,K3V,19.443623,20.149696,18.594389,4.0,0.6770977
1772928097100759047,0.78,27.9449,4931.7383,4.611,K1.5V,19.766727,20.403566,18.967607,4.0,0.71556866
1985128090300317707,1.33,-117.288956,5559.0425,3.745,G1IV,17.900118,18.43762,17.181387,4.0,2.5272682
1772928097100759049,0.883,-22.015493,5420.009,4.546,G5.5V,19.64309,20.233335,18.878267,4.0,0.8178079
1985128090300317708,0.751,-24.120525,4742.42,4.617,K2.5V,19.631151,20.23083,18.865484,6.0,0.69606745
1772928097100759050,0.934,-29.407608,5445.0264,4.508,G5V,19.66635,20.247402,18.907454,4.0,0.88034177
1729428092801253427,1.083,-19.332241,5956.6216,4.439,G0V,17.777615,18.536177,16.885395,1.5,1.0248288
1729428092801253428,0.845,24.707296,4988.8447,4.59,K1V,19.413889,20.365215,18.409824,1.5,0.7597161
1729428092801253431,1.56,-26.104994,7655.9663,4.193,A8V,17.132362,17.743452,16.344072,1.5,1.6242442
1729428092801253434,1.76,-29.680964,6531.3057,3.724,F4III,16.79641,17.563326,15.898103,1.5,2.9692812
1729428092801253437,1.34,-18.543497,6683.439,4.243,F4V,18.287123,18.979809,17.440126,1.5,1.4211873
1729428092801253439,1.857,-38.959923,4731.5127,2.642,G9III,15.809803,16.961395,14.710833,1.5,10.63289
1729428092801253441,1.271,16.440706,6516.284,4.293,F5V,19.064482,19.89418,18.127432,1.5,1.3141693
1729428092801253442,1.34,-46.719536,6683.439,4.243,F4V,18.612055,19.329046,17.747831,1.5,1.4211873
1729428092801253444,1.173,-81.80465,6237.348,4.367,F7V,19.353273,20.137764,18.4448,1.5,1.1551844
1729428092801253449,1.088,36.030994,6067.3633,4.433,F8V,20.750862,21.879211,19.657396,1.5,1.0343114
1729428092801253451,1.114,-4.1406946,6081.35,4.413,F8V,20.280846,21.246553,19.26615,1.5,1.0731275
1729428092801253452,1.582,65.84436,7161.434,4.091,F0IV,19.551687,20.681332,18.455507,1.5,1.8477845
1729428092801253479,1.602,37.82264,3845.9177,1.103,K7II,18.955473,22.965525,17.338743,2.5,58.163605
1729428092801253481,0.384,23.747248,3523.7087,4.917,M2V,19.865284,21.165352,18.690042,4.0,0.3553459
1729428092801253483,0.761,-17.714754,4742.42,4.622,K2.5V,20.47192,21.452503,19.452745,4.0,0.69606745
1729428092801253484,1.075,66.48964,6081.35,4.357,F8V,18.9947,19.850569,18.041403,4.0,1.1237024
1729428092801253485,1.164,66.51806,5970.353,4.241,F9V,19.012701,19.86874,18.059765,4.0,1.3386015
1729428092801253490,1.075,-27.607986,6081.35,4.357,F8V,19.55264,20.42934,18.587805,4.0,1.1237024
1729428092801253493,1.234,24.67973,6367.955,4.151,F6V,18.689445,19.497137,17.766682,4.0,1.5228297
1729428092801253495,0.908,-12.976855,5546.2573,4.527,G4V,20.801107,21.774794,19.78469,4.0,0.84460044
1729428092801253497,1.201,-54.175438,6109.4204,4.176,F8V,19.75992,20.809813,18.702585,4.0,1.454291
1729428092801253498,1.4,-23.706507,4623.81,2.459,K0III,16.762407,18.237446,15.541911,4.0,11.393347
1729428092801253499,1.119,-56.6579,6095.369,4.303,F8V,20.240736,21.301071,19.179113,4.0,1.2208191
1729428092801253501,1.407,41.296917,4591.98,2.466,K0.5III,16.812214,18.266731,15.598353,4.0,11.340999
1729428092801253505,1.293,-9.906902,6095.369,4.007,F7.5IV,20.302055,21.708433,19.10018,4.0,1.8392947
1729428092801253511,1.368,-103.75941,4634.469,2.764,K0III,19.331993,21.382776,17.960072,4.0,7.918653
1729428092801253513,1.407,-58.67178,4539.416,2.437,K1III,18.979439,21.25782,17.564034,4.0,11.712546
1729428092801253515,1.407,-53.35804,4539.416,2.437,K1III,19.726128,22.29073,18.262388,4.0,11.712546
1729428092801253526,1.186,19.335184,5069.907,3.776,G5.5IV,14.323351,14.91344,13.561746,6.0,2.3048959
1729428092801253527,0.957,-106.45291,5571.8574,4.45,G3V,19.104843,20.026175,18.117191,6.0,0.9520315
1729428092801253529,1.173,20.441462,5308.844,3.829,G3IV,18.213238,19.25114,17.164114,6.0,2.151054
1729428092801253530,0.971,-28.211336,5821.032,4.421,G1V,19.668814,20.601967,18.673471,6.0,0.9877597
1729428092801253532,0.887,59.89102,5432.5034,4.517,G5.5V,20.551945,21.575499,19.510567,6.0,0.84849894
1772928097100759053,0.439,6.5440164,3810.6582,4.864,K9V,20.320341,21.465193,19.225374,6.0,0.4042512
1772928097100759054,0.864,5.9782925,5308.844,4.536,G7V,19.321938,19.968409,18.512703,6.0,0.8178079
1772928097100759055,0.818,10.706788,4977.371,4.572,K1V,20.305544,20.990728,19.4701,6.0,0.76322275
1772928097100759057,0.767,-38.016247,4943.107,4.608,K1.5V,20.867214,21.504354,20.066534,6.0,0.7090083
1772928097100759063,0.702,6.1874633,4549.8804,4.644,K4.5V,18.422956,19.153364,17.557837,8.5,0.65561867
1772928097100759064,0.77,24.11043,5164.1636,4.586,G8V,18.273119,18.876328,17.49842,8.5,0.7322364
1772928097100759066,0.685,14.378014,4591.98,4.652,K4V,19.636194,20.440958,18.721767,8.5,0.640695
1772928097100759067,0.846,18.44573,5199.96,4.524,G8V,18.773516,19.367155,18.00662,8.5,0.82158273
1772928097100759069,0.64,-13.347015,4295.3643,4.677,K5V,20.698137,21.585007,19.734106,8.5,0.6062494
1772928097100759075,0.779,-15.877418,4954.502,4.582,K1.5V,20.832773,21.53222,19.98647,8.5,0.7390117
1772928097100759077,0.91,-17.293037,5807.644,4.425,G1V,20.064367,20.607765,19.33712,8.5,0.9520315
1772928097100759078,0.95,-62.751358,5821.032,4.372,G1V,20.090425,20.62295,19.369104,8.5,1.0343114
1772928097100759079,0.97,-48.884155,5861.382,3.954,F8IV,16.388374,16.874449,15.709719,10.0,1.7165297
1772928097100759080,0.805,14.75234,5584.702,4.565,G4V,19.11841,19.650032,18.397503,10.0,0.77384025
1772928097100759085,0.861,-26.746332,5888.4365,4.467,G0.5V,19.710043,20.195375,19.029684,10.0,0.89670855
1772928097100759091,0.744,-21.841394,5571.8574,4.606,G4V,18.218584,18.797861,17.457438,12.0,0.7090083
1772928097100759092,0.881,-24.822998,6151.7686,4.16,F5.5IV,17.537823,17.959566,16.916115,12.0,1.290183
1772928097100759096,0.881,-180.78122,6151.7686,4.16,F5.5IV,21.003716,21.472956,20.335638,12.0,1.290183
1772928097234976771,0.97,6.438433,5662.393,4.521,G3V,14.660913,15.030972,14.10595,1.5,0.88034177
1772928097234976773,0.882,-13.696859,5211.9473,4.546,G8V,18.419075,19.021584,17.647093,4.0,0.8178079
1772928097234976776,0.78,-6.5466456,4931.7383,4.611,K1.5V,20.008764,20.661293,19.197468,4.0,0.71556866
1772928097234976779,0.647,-17.430277,4246.196,4.693,K6V,21.573805,22.432137,20.62206,4.0,0.5979313
1772928097234976780,1.317,-19.313467,4954.502,3.53,G5.5III,17.92667,18.585697,17.111012,4.0,3.225903
1772928097234976784,0.748,-23.273457,4830.588,4.619,K2.5V,20.797693,21.507568,19.945715,6.0,0.6896858
1772928097234976786,0.948,-10.026957,5807.644,4.444,G1V,19.824795,20.387157,19.08004,6.0,0.9520315
1772928097234976788,0.87,8.17089,5105.05,4.536,G9V,20.684156,21.329094,19.87825,6.0,0.82158273
1772928097234976789,0.881,-33.146885,5662.393,4.514,G3V,20.503376,21.038912,19.782345,6.0,0.84460044
1772928097234976790,0.292,-26.014278,3572.7283,4.989,M1.5V,20.312424,21.563503,19.173834,8.5,0.284873
1772928097234976798,0.976,-21.687773,5942.9214,4.306,G0V,18.139086,18.634499,17.450535,8.5,1.1341
1772928097234976799,0.687,-43.016987,4518.5596,4.653,K5V,20.814571,21.57559,19.928387,8.5,0.640695
1772928097234976800,0.804,-1.6154598,5533.501,4.546,G4V,19.548973,20.090317,18.823774,8.5,0.7810005
1772928097234976804,1.008,-33.95541,5584.702,4.316,G3V,19.643772,20.236877,18.873615,8.5,1.1393347
1772928097234976809,0.766,-25.579405,5345.6436,4.608,G7V,19.729198,20.340576,18.94621,10.0,0.7221897
1985128090300317709,1.032,-58.995625,6208.6904,4.294,F7.5V,17.470182,17.82959,16.922825,6.0,1.1820921
1985128090300317716,1.068,-180.53062,5970.353,4.278,F9V,19.130991,19.562077,18.511082,6.0,1.2208191
1985128090300317718,0.517,54.611828,3828.2473,4.777,M0V,18.676245,19.66997,17.643562,8.5,0.48601684
2203378094826323976,0.92,-75.7299,5942.9214,4.391,G0V,20.38142,21.211535,19.442957,8.5,0.99689937
1985128090300317719,0.8,-54.27565,5069.907,4.565,K0V,16.445787,16.932299,15.776409,8.5,0.76322275
1985128090300317722,0.482,-30.274351,3672.823,4.815,M0V,20.293165,21.300562,19.253609,8.5,0.447354
2203378094826323977,0.861,-111.46201,5888.4365,4.467,G0.5V,20.902546,21.64865,20.016499,10.0,0.89670855
1985128090300317725,0.752,-19.520168,4943.107,4.601,K1.5V,19.381136,19.910362,18.67263,8.5,0.7090083
2203378094826323978,0.881,-9.2182865,6151.7686,4.16,F5.5IV,19.826437,20.59891,18.92126,12.0,1.290183
1985128090300317727,0.67,-60.56875,4425.884,4.663,K5V,20.416576,21.116405,19.574118,8.5,0.62900096
2203378094960541698,0.34,-42.533546,3499.4517,4.957,M2V,24.908255,26.779371,23.583855,4.0,0.31963277
1985128090300317731,0.76,42.007034,4841.7236,4.596,K2.5V,20.557728,21.193254,19.7619,8.5,0.71556866
1985128090300317732,0.825,-77.936035,5081.594,4.544,K0V,20.243523,20.848934,19.47006,8.5,0.7918653
2203378094960541700,0.073,-27.53207,1599.558,5.36,L5V,33.00518,38.2049,31.34694,6.0,0.30524695
1985128090300317733,0.857,-62.31092,5546.2573,4.501,G4V,19.702797,20.22856,18.996103,8.5,0.84849894
2203378094960541701,0.247,-43.021427,3556.3132,5.045,M1.5V,24.727228,26.58607,23.395117,6.0,0.2458393
1985128090300317734,0.838,-90.69899,5420.009,4.525,G5.5V,19.996908,20.50624,19.303644,8.5,0.8178079
2203378094960541703,0.646,0.081091106,4909.0786,4.677,K1.5V,19.219213,20.259314,18.16909,8.5,0.6090477
1985128090300317735,0.926,-83.20531,5223.962,4.455,G8V,19.96729,20.534794,19.224543,8.5,0.9303606
2203378094960541704,0.073,-77.02792,1599.558,5.36,L5V,34.44926,39.556564,32.79557,8.5,0.30524695
2203378094960541705,0.599,-102.23405,4295.3643,4.726,K7V,23.388239,24.570148,22.277653,10.0,0.5554581
2203378094960541706,0.744,-9.034996,5571.8574,4.606,G4V,21.485594,22.387623,20.505795,12.0,0.7090083
2203378095094759428,0.48,-30.364292,3630.7805,4.821,M1V,23.25594,24.935478,21.97237,6.0,0.44325262
2203378095094759432,0.666,-76.44674,5035.006,4.662,K0.5V,22.059048,23.05557,21.030863,8.5,0.626111
2203378095765848066,1.541,-22.58977,,,,18.859077,19.728554,17.895613,4.0,
2203378095765848068,1.301,-29.673424,,,,20.52055,21.677233,19.415283,6.0,
2203378095765848069,1.111,-43.18376,,,,20.206549,21.190968,19.183718,6.0,
2203378095765848071,1.695,0.32930693,,,,16.413204,17.337202,15.421584,8.5,
2203378095765848072,1.659,-76.07478,,,,20.171516,21.029099,19.216732,8.5,
2203378095765848073,1.46,-107.67602,,,,20.797754,21.577398,19.888998,10.0,
2203378095765848074,1.625,-9.134368,,,,19.613264,20.40773,18.694405,12.0,
2203378098987073538,1.441,-30.650795,6561.4526,4.13,F4V,17.896448,18.667166,16.994398,1.5,1.6851995
2203378098987073540,1.026,-51.912228,5807.644,4.483,G1V,20.84532,21.80557,19.833866,1.5,0.9476573
1772928097234976815,0.842,-12.72674,5807.644,4.506,G1.5V,20.186895,20.75378,19.436243,10.0,0.84849894
1772928097234976817,0.958,-131.58212,6053.4087,4.092,F6.5IV,19.392036,19.883837,18.702452,10.0,1.4610037
1772928097369194499,0.581,8.660048,3908.409,4.737,K9V,17.780003,18.630959,16.825115,1.5,0.5378378
1772928097369194501,0.275,-4.301058,3427.678,5.008,M2.5V,23.326756,24.730568,22.10981,4.0,0.27080166
1772928097369194504,0.166,-4.6585426,3221.0688,5.122,M4V,25.537004,27.403511,24.186558,4.0,0.18392947
1772928097369194507,0.308,-16.663357,3491.403,4.984,M2V,24.403131,25.765305,23.200308,4.0,0.29420584
1772928097369194512,0.579,-23.416645,3999.4475,4.725,K8V,22.296293,23.345522,21.240988,6.0,0.54531986
1772928097369194514,0.144,-10.074365,3311.3113,5.186,M3V,26.587706,28.215366,25.302708,6.0,0.15945983
1772928097369194516,0.366,7.7559323,3515.6045,4.928,M2V,24.695164,26.095518,23.490957,6.0,0.3424927
1772928097369194517,0.716,-32.411255,4920.3955,4.64,K1.5V,21.682474,22.339767,20.867527,6.0,0.66168505
1772928097369194518,0.106,-70.16178,2910.717,5.251,M6V,24.11876,26.103352,22.758299,8.5,0.12666345
1772928097369194526,0.439,-36.373375,3597.4934,4.856,M0.5V,22.912743,24.32485,21.710987,8.5,0.40799168
1772928097369194527,0.641,-46.82633,4385.307,4.676,K5V,21.19457,21.955591,20.308388,8.5,0.60346395
1772928097369194528,0.779,2.7120922,4954.502,4.582,K1.5V,20.196949,20.813396,19.413082,8.5,0.7390117
1772928097369194532,0.422,-34.08803,3741.106,4.877,M0V,24.11797,25.34887,22.989908,8.5,0.38962904
1772928097369194537,0.157,-20.4498,3258.367,5.148,M3.5V,25.844635,27.594933,24.531818,10.0,0.1740409
1772928097369194545,0.157,-130.14973,3258.367,5.148,M3.5V,27.750612,29.374777,26.479227,10.0,0.1740409
1772928097503412235,0.679,-15.99347,4405.549,4.682,K5V,21.366877,22.136011,20.47587,4.0,0.6175204
1772928097503412240,0.664,-23.322206,4797.3345,4.676,K2.5V,21.087694,21.79757,20.235714,6.0,0.6175204
1772928097503412242,0.78,-10.027734,5395.1064,4.595,G6V,20.762033,21.369358,19.982285,6.0,0.72552323
1772928097637629963,0.55,-16.348316,4083.1938,4.751,K7V,21.975245,22.976482,20.940786,4.0,0.5136311
1772928097637629968,0.748,-23.454426,4830.588,4.619,K2.5V,20.797693,21.507568,19.945715,6.0,0.6896858
1772928098174500867,1.551,7.270643,,,,14.601197,14.9922495,14.020661,1.5,
1772928098174500869,1.157,-11.463631,,,,18.407318,19.015947,17.629429,4.0,
1772928098174500872,0.946,-6.2153296,,,,20.00211,20.659113,19.186556,4.0,
1772928098174500875,2.184,-16.602951,,,,20.390192,21.251822,19.435505,4.0,
1772928098174500880,2.739,-23.364964,,,,19.598717,20.333162,18.728254,6.0,
1772928098174500882,1.872,-10.030927,,,,19.441195,20.017637,18.684996,6.0,
1772928098174500884,1.236,8.048015,,,,20.65749,21.315714,19.83997,6.0,
1772928098174500885,1.597,-32.817074,,,,20.187586,20.752586,19.442076,6.0,
1772928098174500886,0.398,-37.772156,,,,20.280306,21.54704,19.134563,8.5,
1772928098174500894,1.415,-26.24394,,,,18.125793,18.628765,17.429289,8.5,
1772928098174500895,1.328,-44.855682,,,,20.235456,20.996475,19.349272,8.5,
1729428092801253534,1.077,1.4687526,6095.369,4.24,F8V,19.697792,20.711123,18.658415,6.0,1.2842551
1729428092801253536,1.205,-24.15428,4841.7236,3.314,G8III,17.906462,19.046812,16.813562,6.0,3.950493
1729428092801253538,1.086,-4.8168273,5970.353,4.246,F9V,20.137543,21.20782,19.07048,6.0,1.2783545
1729428092801253539,0.925,-53.272804,5794.287,4.468,G1.5V,20.607885,21.586882,19.58809,6.0,0.91759557
1729428092801253542,1.155,-209.95862,5821.032,3.983,F9IV,20.393213,21.801668,19.191328,6.0,1.7891688
1729428092801253550,1.222,39.62853,4602.566,2.418,K0.5III,19.870293,22.566765,18.38737,6.0,11.134003
1729428092801253552,1.235,262.63498,4539.416,2.387,K1III,19.447498,21.638048,18.047289,6.0,11.605165
1729428092801253554,1.202,74.85337,4120.975,1.531,K4II,19.541876,22.877493,17.984066,6.0,30.665588
1729428092801253556,0.88,-22.92436,5559.0425,4.48,G4V,17.9239,18.801998,16.960829,8.5,0.88034177
1729428092801253557,0.67,-20.220604,4425.884,4.663,K5V,19.611916,20.62872,18.576069,8.5,0.62900096
1729428092801253559,0.658,-86.22609,4395.416,4.668,K5V,20.617931,21.786112,19.511253,8.5,0.6175204
1729428092801253561,1.029,40.374035,4819.478,2.753,G8III,15.313259,16.366226,14.260511,8.5,6.9606743
1729428092801253563,0.958,24.897968,5701.6426,4.376,G2.5V,19.088093,19.913998,18.153576,8.5,1.0343114
1729428092801253567,0.968,22.370691,5821.032,4.343,G1V,20.048101,21.12091,18.981367,8.5,1.083057
1729428092801253570,0.938,7.266776,5688.5293,4.403,G2.5V,19.825445,20.717468,18.853096,8.5,0.99231905
1729428092801253575,0.846,-103.68423,5199.96,4.524,G8V,20.82517,21.81543,19.800983,8.5,0.82158273
1729428092801253577,0.91,130.01189,5807.644,4.425,G1V,20.08765,20.952782,19.129929,8.5,0.9520315
1729428092801253582,1.017,121.82376,5956.6216,4.209,F9V,19.5754,20.43299,18.62154,8.5,1.2961382
1729428092801253583,1.017,28.542707,5956.6216,4.209,F9V,20.53459,21.692987,19.428108,8.5,1.2961382
1729428092801253587,1.005,134.12514,6081.35,4.201,F8V,20.485548,21.608938,19.39407,8.5,1.2961382
1729428092801253610,0.824,83.62503,5701.6426,4.538,G2.5V,20.054832,20.989126,19.056875,10.0,0.80658716
1729428092801253612,0.786,-5.2634454,5470.1597,4.588,G5.5V,20.867275,21.91083,19.814604,10.0,0.74584967
1729428092801253615,0.946,30.485027,6109.4204,4.181,F6IV,19.214787,20.097816,18.24245,10.0,1.3081312
1729428092801253623,0.824,16.56839,5701.6426,4.538,G2.5V,20.407913,21.19233,19.498775,10.0,0.80658716
1729428092801253626,0.97,-39.532112,5861.382,3.954,F8IV,19.888796,21.079468,18.768661,10.0,1.7165297
1729428092801253628,0.99,-21.448376,4742.42,2.769,G8III,18.686565,20.39193,17.397186,10.0,6.7709765
1729428092801253649,1.133,119.42092,4549.8804,2.368,K0.5III,20.510265,23.328516,19.011576,10.0,10.438818
1729428092801253654,1.129,80.98912,4305.266,2.137,K3III,18.850853,21.191647,17.426258,10.0,14.745222
1729428092801253656,1.129,82.25219,4315.191,2.168,K3III,20.33784,23.424631,18.809612,10.0,14.277472
1729428092801253668,1.133,267.20654,4549.8804,2.368,K0.5III,20.058079,22.509039,18.612764,10.0,10.438818
1729428092801253670,1.134,-56.609753,4560.369,2.375,K0III,19.317757,21.381718,17.943754,10.0,10.343114
1729428092801253684,1.135,178.10327,4549.8804,2.353,K0.5III,20.70538,23.481773,19.212227,10.0,10.63289
1772928098174500896,1.583,0.51414406,,,,19.072748,19.640167,18.326353,8.5,
1772928098174500900,1.43,-33.99455,,,,19.626291,20.227127,18.849384,8.5,
1772928098174500905,0.923,-24.706873,,,,19.725319,20.339216,18.9399,10.0,
1772928098174500913,1.115,-131.38043,,,,19.391544,19.883663,18.70161,10.0,
1772928099516678156,0.287,-22.808867,3483.373,5.003,M2V,25.288496,26.691774,24.077099,4.0,0.27838853
1772928099516678191,0.254,-8.517621,3556.3132,5.024,M2V,25.366217,26.823175,24.154875,10.0,0.2562426
1772978090520084485,1.005,0.45495757,5701.6426,4.478,G2.5V,18.08666,18.528067,17.453672,2.5,0.9433032
1772978090520084489,1.234,-23.266079,6367.955,4.151,F6V,17.732712,18.120995,17.150726,4.0,1.5228297
1772978090520084491,0.87,7.822911,5105.05,4.536,G9V,17.674494,18.199757,16.967886,6.0,0.82158273
1772978090520084494,0.333,-20.632257,3467.3684,4.94,M2V,20.207754,21.403273,19.076141,8.5,0.32110813
1772978090520084496,0.867,-15.247941,5321.0825,4.503,G7V,18.750551,19.28173,18.038298,8.5,0.84849894
1772978090520084497,0.476,-27.91103,3881.5037,4.854,M0V,20.594774,21.5232,19.612934,10.0,0.42721975
1772978090520084498,0.712,-30.362566,4988.8447,4.648,K2V,18.34297,18.886696,17.620901,10.0,0.66168505
1772978090520084502,0.916,-43.851307,6081.35,4.317,F8V,18.151667,18.554138,17.552853,10.0,1.0981238
1772978090520084503,0.695,-1.2302483,4864.0723,4.659,K2.5V,20.399282,21.017626,19.616217,10.0,0.64662325
1772978090520084504,0.786,-19.890224,5470.1597,4.588,G5.5V,19.89985,20.39868,19.208128,10.0,0.74584967
1772978090520084506,0.97,-82.09746,5861.382,3.954,F8IV,17.754848,18.187117,17.126797,10.0,1.7165297
1772978090520084507,0.983,-72.93052,4977.371,3.438,G6III,18.645296,19.226648,17.886091,10.0,3.1235704
1772978090520084508,0.503,-60.68016,4083.1938,4.823,K8V,20.292116,21.232004,19.30404,12.0,0.45567092
1772978090520084509,0.858,-102.95481,6151.7686,4.307,F8V,17.54145,17.903622,16.982555,12.0,1.0780808
1772978090520084511,0.909,-25.829748,5000.345,3.099,G5.5III,16.838324,17.430445,16.072706,12.0,4.452986
1772978090520084512,0.871,-108.732666,6165.95,4.238,F7.5V,19.031654,19.42147,18.44602,12.0,1.1712546
1772978090520084513,0.907,-141.9034,5081.594,3.374,G5III,18.705873,19.28298,17.953382,12.0,3.2407932
1772978090654302209,0.553,9.155021,3828.2473,4.749,K9V,19.193605,20.206697,18.147903,0.575,0.51600194
1772978090654302211,1.455,0.0742181,6531.3057,3.998,F4IV,14.316212,14.625254,13.827054,2.5,1.9708397
1772978090654302214,0.894,8.901122,5211.9473,4.554,G8V,19.078989,19.608652,18.368092,2.5,0.81405044
1772978090654302215,1.293,-10.067098,6095.369,4.007,F7.5IV,16.156645,16.558218,15.56335,4.0,1.8392947
1772978090654302218,0.366,-12.829426,3515.6045,4.928,M2V,20.568697,21.842264,19.411175,6.0,0.3424927
1772978090654302221,0.904,12.975373,6067.3633,4.38,F8V,12.370853,12.665534,11.897807,8.5,1.0015008
1772978090654302228,0.729,-56.856045,5105.05,4.637,K0.5V,18.816877,19.368217,18.086245,10.0,0.680223
1772978090788519937,0.454,-4.114494,3647.5396,4.84,M1V,20.074104,21.091621,19.029524,0.575,0.42135808
1772978090788519938,0.335,-16.449419,3483.373,4.971,M2V,21.076431,22.31096,19.932413,1.5,0.31235704
1772978090788519939,0.749,-2.6603105,4655.861,4.64,K3.5V,18.289675,18.883394,17.52787,2.5,0.6739867
2203378098987073541,1.22,-58.14464,6382.635,4.271,F6V,19.188019,19.978745,18.27283,2.5,1.3141693
2203378098987073546,1.047,-90.99118,5701.6426,4.178,G2.5V,20.888048,21.832067,19.884602,8.5,1.363488
2203378099121291265,0.937,-41.430138,5432.5034,4.541,G5.5V,20.109133,21.05573,19.106613,1.5,0.84849894
2203378099121291267,1.611,-49.255783,7328.245,4.1,F0V,17.718864,18.372221,16.897688,1.5,1.8392947
2203378099121291270,0.83,-44.500027,5176.0684,4.581,G8V,21.179054,22.261398,20.10817,4.0,0.7597161
2203378099121291271,1.142,-93.987946,6353.309,4.269,F6V,20.688992,21.551865,19.728691,4.0,1.2783545
2203378099121291273,0.603,-22.930382,4045.759,4.699,K7V,20.31041,21.677618,19.123531,8.5,0.5736557
2203378099121291278,0.932,-25.823584,6109.4204,4.253,F8V,20.387201,21.224745,19.4408,10.0,1.1930299
2203378099255508993,0.663,-41.604523,4285.4854,4.7,K6V,21.930227,23.237413,20.768251,1.5,0.60069126
2203378099255508995,0.187,-46.286953,3273.407,5.096,M3.5V,26.376688,28.675648,24.949373,1.5,0.20167466
2203378099255508998,0.647,-44.67054,4246.196,4.693,K6V,22.579613,23.984705,21.383293,4.0,0.5979313
2203378099255508999,0.184,-91.27497,3273.407,5.099,M3.5V,28.226171,30.363174,26.841093,4.0,0.19890757
2203378099255509001,0.231,-23.011705,3404.0818,5.041,M2.5V,23.156906,25.16662,21.77869,8.5,0.2391395
2203378099255509006,0.515,-25.790203,3981.0718,4.811,K9V,24.467373,25.898571,23.271584,10.0,0.46628487
2203378099389726727,0.708,-93.88201,4797.3345,4.654,K2.5V,23.37218,24.486162,22.285702,4.0,0.64662325
2203378099389726734,0.786,-26.259197,5470.1597,4.588,G5.5V,21.890528,22.816416,20.896616,10.0,0.74584967
2203378099523944455,0.786,-93.62561,5649.3696,4.6,G3V,22.466341,23.41091,21.461855,4.0,0.7221897
2203378099523944462,0.157,-25.65708,3258.367,5.148,M3.5V,28.284025,30.17907,26.956139,10.0,0.1740409
2203378099658162183,0.966,-94.541145,5345.6436,4.486,G6V,22.12458,23.151619,21.079645,4.0,0.91759557
2203378099658162190,0.476,-25.47371,3881.5037,4.854,M0V,24.867373,26.29857,23.671585,10.0,0.42721975
2203428092406398978,0.451,-31.38859,3819.4426,4.843,K9V,18.144308,19.22365,17.07877,8.5,0.4194221
2203428092540616707,0.98,-14.982654,6081.35,4.267,F8V,16.483538,16.871807,15.903784,8.5,1.1875484
2203428092674834435,0.199,-41.447243,3326.5955,5.076,M3V,23.633232,25.089867,22.39542,8.5,0.2131333
2203428093480140803,1.179,-19.449535,,,,16.482038,16.871248,15.901039,8.5,
2203428096701366274,1.139,-6.8723845,6109.4204,4.355,F8V,14.982672,15.378451,14.394895,2.5,1.1551844
2203428096701366275,0.489,5.2144017,3672.823,4.82,M0.5V,18.66054,19.736467,17.587973,4.0,0.447354
2203428096701366277,0.465,-95.27251,3990.249,4.867,K9V,19.985947,20.918156,19.003931,12.0,0.41557682
2203428096835584001,1.273,-152.99643,6397.348,4.34,F6V,19.424751,19.757395,18.903006,0.575,1.2435158
2203428096835584004,0.804,-86.22016,4977.371,4.563,K1V,16.960384,17.503395,16.237902,8.5,0.76322275
2203428096969801729,0.525,-153.10576,3899.42,4.776,K9V,23.973148,24.92742,22.977364,0.575,0.48826018
2203428096969801732,0.696,-30.53646,4698.941,4.643,K3V,17.577995,18.17584,16.810762,8.5,0.65260637
2203428097104019460,0.257,-61.413418,3723.917,5.036,M0.5V,20.925608,22.006445,19.859375,8.5,0.25272682
2203428097775108097,1.798,-153.02835,,,,19.408417,19.748152,18.877832,0.575,
1985128090300317736,0.857,-85.564384,5546.2573,4.501,G4V,19.956316,20.488749,19.24218,8.5,0.84849894
1985128090300317739,0.31,-33.302433,3647.5396,4.977,M1.5V,20.898233,21.912376,19.866856,10.0,0.29967555
1985128090300317740,0.678,-64.43122,4753.352,4.668,K3.5V,19.539995,20.13771,18.772106,10.0,0.6319043
1985128090300317744,0.599,-41.503967,4295.3643,4.726,K7V,20.912987,21.703049,20.008446,10.0,0.5554581
1985128090300317745,0.898,7.981271,6039.4863,4.374,F9V,17.908848,18.283344,17.339788,10.0,1.0201201
1985128090300317754,0.946,-2.6412048,6109.4204,4.181,F6IV,18.023712,18.424828,17.425964,10.0,1.3081312
1985128090300317756,0.766,-70.02694,5345.6436,4.608,G7V,19.966074,20.48294,19.263288,10.0,0.7221897
1985128090300317758,0.786,-54.885223,5470.1597,4.588,G5.5V,19.962091,20.479073,19.259752,10.0,0.74584967
1985128090300317762,0.824,-11.124859,5701.6426,4.538,G2.5V,19.801905,20.269005,19.140266,10.0,0.80658716
1985128090300317763,0.861,-88.07809,5888.4365,4.467,G0.5V,19.406616,19.82474,18.788197,10.0,0.89670855
1985128090300317764,0.805,-109.56063,5584.702,4.565,G4V,20.032804,20.544441,19.332287,10.0,0.77384025
1985128090300317765,0.898,-106.93325,6039.4863,4.374,F9V,19.02261,19.437359,18.41408,10.0,1.0201201
1985128090300317766,0.946,-75.71765,6109.4204,4.181,F6IV,18.40822,18.813309,17.806334,10.0,1.3081312
1985128090300317771,0.898,-80.1018,6039.4863,4.374,F9V,19.113438,19.528555,18.498062,10.0,1.0201201
1985128090300317772,0.988,-101.7526,4852.885,3.064,G7III,16.707651,17.327328,15.922531,10.0,4.81561
1985128090300317773,0.97,-102.32095,5861.382,3.954,F8IV,18.110487,18.561043,17.460913,10.0,1.7165297
1985128090300317774,0.786,-89.018715,5470.1597,4.588,G5.5V,20.305365,20.802296,19.619373,10.0,0.74584967
1985128090300317775,0.729,-30.044611,5105.05,4.637,K0.5V,20.861332,21.429995,20.115772,10.0,0.680223
1985128090300317778,0.946,-89.10362,6109.4204,4.181,F6IV,18.70145,19.135141,18.070452,10.0,1.3081312
1985128090300317779,0.747,-101.344154,5223.962,4.625,G9V,20.716513,21.24563,20.002754,10.0,0.6992803
1985128090300317782,0.842,-109.63219,5807.644,4.506,G1.5V,19.984457,20.459618,19.316408,10.0,0.84849894
1985128090300317785,0.97,-95.85797,5861.382,3.954,F8IV,18.328598,18.783407,17.681257,10.0,1.7165297
1985128090300317788,0.946,-151.08235,6109.4204,4.181,F6IV,18.866617,19.29154,18.24442,10.0,1.3081312
1985128090300317789,0.842,-181.76471,5807.644,4.506,G1.5V,20.121273,20.60751,19.443508,10.0,0.84849894
1985128090300317792,0.824,-135.14552,5701.6426,4.538,G2.5V,20.207521,20.653757,19.559824,10.0,0.80658716
1985128090300317795,0.766,-135.77863,5345.6436,4.608,G7V,20.81166,21.338148,20.100245,10.0,0.7221897
1985128090300317796,0.88,-111.836876,5970.353,4.424,F9V,19.827436,20.265179,19.19276,10.0,0.9520315
1985128090300317800,0.958,-201.91951,6053.4087,4.092,F6.5IV,18.762209,19.15976,18.164557,10.0,1.4610037
1985128090300317801,0.786,-151.53288,5470.1597,4.588,G5.5V,20.895674,21.419214,20.18184,10.0,0.74584967
1985128090300317802,0.97,-110.33271,5861.382,3.954,F8IV,18.662422,19.12265,18.008278,10.0,1.7165297
1985128090300317805,0.786,-148.90019,5470.1597,4.588,G5.5V,20.800602,21.28409,20.125954,10.0,0.74584967
1985128090300317807,0.958,-184.34251,6053.4087,4.092,F6.5IV,19.021091,19.45404,18.393696,10.0,1.4610037
1729428092801253687,1.127,-22.549208,4477.133,2.506,K1III,20.428156,22.883028,18.981552,10.0,9.652756
1729428092801253695,1.129,21.423439,4178.3037,1.9,K4.5III,20.326662,23.521416,18.785185,10.0,19.437988
1729428092801253712,1.135,-87.7199,4549.8804,2.353,K0.5III,20.581444,23.163557,19.116787,10.0,10.63289
1729428092801253723,1.129,-17.665007,4246.196,2.03,K4III,20.566727,23.598726,19.046207,10.0,16.774567
1729428092801253724,1.13,111.8914,3775.722,1.146,K9III,18.966888,22.722744,17.374239,10.0,46.41425
1729428092801253726,1.136,148.75175,4466.836,2.224,K1.5III,20.571875,23.178337,19.100454,10.0,12.321152
1729428092801253729,0.725,-20.091307,5445.0264,4.627,G6V,20.74975,21.69698,19.74526,12.0,0.686517
1729428092935471105,1.492,-43.46852,7161.434,4.261,F0V,16.595564,17.246265,15.778344,0.575,1.4745222
1729428092935471109,1.304,-2.8383257,6412.0957,4.32,F6V,18.613056,19.479395,17.654043,0.575,1.290183
1729428092935471113,1.414,-40.336575,6839.1167,4.274,F2.5V,17.740427,18.353153,16.95448,0.575,1.4146575
1729428092935471116,2.421,-9.185368,4943.107,2.79,G7III,15.711318,16.82428,14.628773,0.575,10.248288
1729428092935471117,1.006,-8.508432,5584.702,4.515,G3V,20.424881,21.434753,19.390896,0.575,0.9050057
1729428092935471120,1.168,-15.856317,6109.4204,4.408,F8V,19.801092,20.718147,18.814024,0.575,1.1031926
1729428092935471122,1.68,-31.086061,7673.6147,4.2,A8V,18.172855,18.875107,17.315845,0.575,1.6774567
1729428092935471129,2.712,25.795721,4852.885,2.628,G8III,16.611917,18.128992,15.376426,0.575,13.021209
1729428092935471131,2.028,-8.991257,8222.427,3.991,A6IV,19.110855,20.318527,17.97647,0.575,2.347747
1729428092935471132,1.994,-52.798557,8222.427,4.024,A5.5IV,18.94802,20.013172,17.876427,0.575,2.2420812
1729428092935471138,2.211,-6.370805,9225.714,4.132,A2V,21.062378,22.849699,19.737623,0.575,2.082818
1729428092935471141,2.669,29.366442,4943.107,2.671,G7III,19.532103,22.004513,18.081482,0.575,12.321152
1729428092935471144,3.021,250.02219,9660.509,3.682,A2III,20.505463,22.549072,19.119747,0.575,4.0987487
1729428092935471145,3.365,161.76247,11350.108,3.867,B9IV,20.533363,22.384062,19.192368,0.575,3.4886012
1729428092935471147,2.785,70.74806,10115.795,3.925,A1IV,21.951061,24.353327,20.501331,0.575,2.9692812
1729428092935471154,0.75,21.884846,4808.3936,4.646,K2.5V,19.34286,20.321081,18.325214,1.5,0.67089
1729428092935471157,1.198,-25.118992,6123.504,4.349,F8V,18.565498,19.473442,17.582174,1.5,1.1985366
1729428092935471158,1.659,-73.37961,6683.439,3.864,F3IV,16.742508,17.494667,15.854234,1.5,2.458393
1729428092935471160,1.879,5.1212187,6998.42,3.767,F1III,16.329397,17.053469,15.458794,1.5,2.928541
1729428092935471164,1.544,-54.270786,7311.3906,4.158,F0V,18.227966,19.072084,17.279104,1.5,1.692978
1729428092935471166,0.963,24.424004,5457.5786,4.525,G5V,20.25166,21.157263,19.272215,1.5,0.87227076
1729428092935471168,1.201,-7.5071087,6251.727,4.345,F7V,19.005941,19.771597,18.109753,1.5,1.1985366
1729428092935471173,0.8,-40.935196,4931.7383,4.615,K1.5V,21.748075,22.855152,20.666971,1.5,0.7188716
1729428092935471178,1.311,-36.348274,6668.068,4.268,F4V,19.567827,20.4936,18.574884,1.5,1.3697816
1729428092935471181,1.839,42.50754,6382.635,3.619,F5III,19.42616,20.914206,18.195854,1.5,3.424927
1772978090788519942,0.241,7.536011,3475.3616,5.054,M2V,24.00522,25.305784,22.8298,2.5,0.24024332
1772978090788519943,0.591,-8.523613,3999.4475,4.723,K8V,20.88015,21.826723,19.87717,4.0,0.5503656
1772978090788519946,0.073,-10.225357,1599.558,5.36,L5V,30.060019,34.472923,28.44962,6.0,0.30524695
1772978090788519949,0.599,13.206758,3971.9155,4.703,K8V,15.784659,16.610945,14.856522,8.5,0.5683964
1772978090788519956,0.225,-56.87586,3499.4517,5.054,M2.5V,23.373117,24.664206,22.219307,10.0,0.23262228
1772978091593826305,1.007,3.1725388,,,,18.794365,19.808817,17.749008,0.575,
1772978091593826307,2.204,-0.85507494,,,,14.288618,14.603962,13.791711,2.5,
1772978091593826310,1.135,8.611261,,,,19.06743,19.602953,18.350412,2.5,
1772978091593826311,1.884,-9.582915,,,,16.142727,16.549772,15.543113,4.0,
1772978091593826314,0.439,-12.396402,,,,20.568523,21.842255,19.410912,6.0,
1772978091593826317,1.503,13.067588,,,,12.325039,12.637228,11.828881,8.5,
1772978091593826324,0.954,-56.860718,,,,18.800661,19.359982,18.062382,10.0,
1772978092667568147,0.496,5.7307806,3935.5007,4.833,M0V,20.684677,21.631878,19.692667,10.0,0.44529858
1772978092801785858,1.4,-5.150357,6683.439,4.191,F3V,14.059722,14.327805,13.619976,1.5,1.5511411
1772978093741309954,1.735,-9.101378,,,,14.058029,14.327108,13.616739,1.5,
1772978094815051778,0.869,12.989844,5188.0005,4.569,G8V,18.34091,18.866045,17.633457,2.5,0.788227
1772978094815051780,1.327,-31.359112,6531.3057,4.155,F5V,17.990532,18.349901,17.440914,2.5,1.5727197
1772978094815051781,1.075,5.0916743,6081.35,4.357,F8V,16.472256,16.870714,15.879059,4.0,1.1237024
1772978094815051783,0.83,-11.784921,5176.0684,4.581,G8V,19.297598,19.824333,18.588709,4.0,0.7597161
1772978094815051789,0.846,-8.685447,5199.96,4.524,G8V,18.508286,19.024097,17.80992,8.5,0.82158273
1772978094815051799,0.842,-29.325657,5807.644,4.506,G1.5V,19.626602,20.083723,18.975834,10.0,0.84849894
1772978094815051806,0.725,-88.83183,5445.0264,4.627,G6V,20.489956,20.950132,19.837498,12.0,0.686517
1772978094815051810,0.89,-182.55724,6067.3633,4.062,F6IV,20.408665,20.818558,19.801805,12.0,1.454291
1772978094949269507,0.625,-11.387379,4102.041,4.709,K7V,20.090034,21.009995,19.107178,2.5,0.5763036
1772978094949269510,0.686,-25.784918,4436.0864,4.677,K5V,19.347292,20.075056,18.484283,4.0,0.626111
1772978094949269513,1.043,-24.22118,6081.35,4.301,F8V,16.916773,17.302843,16.340317,6.0,1.1766609
1772978094949269514,0.789,-13.558482,5058.2466,4.593,K0.5V,19.218618,19.798046,18.466228,6.0,0.7322364
1772978094949269515,0.698,-13.408333,4518.5596,4.66,K4.5V,20.009354,20.720535,19.158138,6.0,0.64365226
1772978094949269516,0.503,4.9260716,3749.73,4.793,M0V,20.529177,21.58651,19.471365,8.5,0.46843714
1772978094949269519,0.752,16.698847,4943.107,4.601,K1.5V,19.510088,20.063719,18.780453,8.5,0.7090083
1772978094949269522,0.646,22.435339,4549.8804,4.689,K5V,20.690712,21.371786,19.860907,10.0,0.60069126
1772978094949269523,0.824,-11.398157,5701.6426,4.538,G2.5V,19.39255,19.839952,18.749943,10.0,0.80658716
1772978094949269524,0.599,-5.2826753,4295.3643,4.726,K7V,21.882648,22.686457,20.968775,10.0,0.5554581
2203428097775108100,1.757,-60.533653,,,,16.455446,17.024696,15.710366,8.5,
2203478090120691715,1.015,-132.55588,5834.451,4.37,G1V,19.990248,20.392782,19.393002,6.0,1.0731275
2203478090120691716,0.345,-14.249903,3801.894,4.962,M0.5V,20.694777,21.758057,19.646448,12.0,0.32110813
2203478090120691717,0.615,60.898037,4623.81,4.716,K4.5V,19.755854,20.416992,18.938204,12.0,0.5683964
2203478090120691718,0.677,-77.879105,5069.907,4.671,K1V,19.323364,19.831268,18.631723,12.0,0.62900096
2203478094415659010,0.679,-57.464046,4436.0864,4.671,K5V,20.244701,20.934069,19.409094,6.0,0.626111
2203478094415659012,0.455,5.3535757,3845.9177,4.875,M0.5V,19.180092,20.222275,18.132133,10.0,0.40799168
2203478094415659014,0.824,-10.479994,5701.6426,4.538,G2.5V,18.827753,19.233479,18.227182,10.0,0.80658716
2203478098710626305,1.095,-31.582253,6223.003,4.168,F7.5V,16.62701,16.977743,16.087273,6.0,1.4081578
2203478098710626306,0.88,0.91033036,5559.0425,4.48,G4V,16.167704,16.6421,15.504231,8.5,0.88034177
2203478098710626307,0.289,-22.109333,3614.0986,4.992,M1.5V,19.385246,20.660583,18.227057,10.0,0.28356415
2203478098844844037,0.465,7.1316156,3990.249,4.867,K9V,21.11317,22.010208,20.150663,12.0,0.41557682
2203478098979061765,0.32,9.610388,3767.038,4.977,M1V,22.139288,23.18592,21.098896,12.0,0.30384445
2203478099784368133,0.785,8.142071,,,,20.756693,21.693563,19.771818,12.0,
2203528092129951746,0.87,-62.84838,5105.05,4.536,G9V,19.30553,19.821594,18.60639,6.0,0.82158273
2203528092129951747,0.658,-80.050705,4395.416,4.668,K5V,19.615398,20.277304,18.798939,8.5,0.6175204
2203528092129951749,0.747,-38.596367,5223.962,4.625,G9V,18.104097,18.588625,17.431164,10.0,0.6992803
2203528092129951750,0.88,-75.73905,5970.353,4.424,F9V,19.434671,19.801296,18.874203,10.0,0.9520315
2203528092264169473,0.8,-14.950034,8356.029,8.32,DAVII,25.057013,25.267298,24.67831,2.5,0.010154332
2203528092398387201,0.381,-49.460358,3723.917,4.935,M0V,21.161133,22.200773,20.102425,2.5,0.34725726
2203528092532604929,0.87,-26.987309,5000.345,4.568,K1V,17.667664,18.192995,16.963299,2.5,0.788227
2203528092666822657,0.734,-29.446009,4909.0786,4.648,K1.5V,18.127663,18.652994,17.4233,2.5,0.66473925
2203528093203693569,2.785,-27.251976,,,,17.09423,17.62904,16.380198,2.5,
2203528096424919042,0.951,-44.58187,5445.0264,4.518,G5V,14.576079,15.012514,13.949082,2.5,0.88034177
2203528096424919045,0.678,-70.58133,4487.454,4.658,K5V,20.196842,20.868164,19.373259,8.5,0.63482106
2203528096424919046,0.651,-92.78223,4335.109,4.672,K5V,20.658045,21.42605,19.768312,8.5,0.61185896
2203528096559136771,0.794,-38.39621,4954.502,4.589,K1.5V,17.76257,18.28624,17.057945,6.0,0.7390117
2203528096693354499,0.355,-38.453484,3723.917,4.954,M0V,21.163507,22.216364,20.107824,6.0,0.3285877
2203528096827572227,0.465,-38.435684,3741.106,4.836,M0V,20.573507,21.626364,19.517824,6.0,0.4291917
2203528097498660867,1.614,-38.420177,,,,17.640774,18.209827,16.893038,6.0,
2203528098572402689,2.206,-147.73718,8413.951,3.9,A5.5IV,16.516565,16.644167,16.27774,0.575,2.7205162
2203578090112679937,0.767,-168.67937,5382.6978,4.619,G6V,21.648678,22.090902,21.010466,4.0,0.6992803
2203578090917986305,2.001,-166.90181,,,,18.98279,19.292889,18.484259,4.0,
1985128090300317817,0.898,-81.145454,6039.4863,4.374,F9V,20.080236,20.535816,19.424925,10.0,1.0201201
1985128090300317823,0.983,-149.0256,4977.371,3.438,G6III,18.54541,19.131702,17.784382,10.0,3.1235704
1985128090300317835,0.294,-14.59465,3981.0718,5.01,K9V,18.546986,19.382086,17.619972,14.0,0.2809644
1985128090300317836,0.756,-61.302227,6137.62,4.484,F8V,18.577461,18.907005,18.052757,14.0,0.825375
1985128090300317837,0.647,103.24856,5357.967,4.703,G7V,20.70267,21.223928,19.99114,14.0,0.5924495
1985128090300317839,0.712,56.393383,5847.901,4.604,G1V,20.208462,20.647589,19.565609,14.0,0.69606745
1985128090300317845,0.743,13.61874,6053.4087,4.528,F8V,20.21493,20.640123,19.586958,14.0,0.7774121
1985128090300317848,0.807,91.36991,6367.955,4.18,F4IV,19.255194,19.62062,18.69263,14.0,1.2040688
1985128090300317853,0.856,94.72382,5236.0044,4.521,G9V,20.414751,21.004126,19.653582,10.0,0.8291848
1985128090300317854,0.831,-145.62903,5116.8184,4.544,K0.5V,20.62558,21.24157,19.844618,10.0,0.79552037
1985128090300317855,0.969,-23.23206,5727.9604,4.375,G2.5V,19.513323,19.991383,18.847036,10.0,1.0438818
1985128090300317856,1.013,-32.447155,5834.451,4.289,G1V,19.46876,19.952997,18.796606,10.0,1.1820921
1985128090300317860,0.919,24.378277,5533.501,4.453,G4V,20.349373,20.876568,19.638517,10.0,0.9303606
1985128090300317862,1.095,-78.73164,5610.48,3.947,G0IV,18.75065,19.25294,18.06218,10.0,1.8140587
1985128090300317864,0.844,120.6209,5176.0684,4.533,G9V,20.935156,21.482546,20.20983,10.0,0.81031024
1985128090300317869,0.938,-238.13864,5610.48,4.426,G3V,20.262194,20.77789,19.558023,10.0,0.9652756
1985128090300317871,1.127,-118.21327,4497.7983,2.547,K1III,16.54846,17.272974,15.688794,10.0,9.21831
1985128090300317872,1.037,171.8161,5874.8936,4.225,G0.5V,19.450636,19.928837,18.782358,10.0,1.2842551
1985128090300317876,1.013,-34.94178,5834.451,4.289,G1V,19.780712,20.287424,19.087633,10.0,1.1820921
1985128090300317878,0.994,-350.3768,5807.644,4.329,G1.5V,19.926857,20.408298,19.25358,10.0,1.1134002
1985128090300317880,1.136,-55.567955,4497.7983,2.269,K1III,16.065273,16.786741,15.208501,10.0,11.712546
1985128090300317886,0.913,-39.065765,5508.077,4.461,G5V,20.707724,21.26315,19.974833,10.0,0.91759557
1985128090300317887,1.06,-178.86993,5874.8936,4.146,F8IV,19.384666,19.857557,18.721447,10.0,1.4211873
1985128090300317892,0.763,4.7158585,5688.5293,4.579,G3V,18.13618,18.525026,17.54939,12.0,0.7390117
1985128090300317893,0.692,-149.33913,5199.96,4.658,G9V,19.40919,19.907244,18.723608,12.0,0.64365226
1985128090300317899,0.78,-163.62047,5794.287,4.548,G1.5V,19.995155,20.413586,19.377848,12.0,0.7774121
1985128090300317900,0.78,-230.32745,5794.287,4.548,G1.5V,20.30607,20.79576,19.623228,12.0,0.7774121
1985128090300317910,0.844,-105.653915,6109.4204,4.366,F8V,20.344995,20.779013,19.710688,12.0,0.99689937
1985128090300317911,0.814,-55.36138,5970.353,4.467,F9V,20.961237,21.408945,20.31352,12.0,0.87227076
1985128090300317912,0.881,-140.74173,6151.7686,4.16,F5.5IV,19.994783,20.391102,19.404247,12.0,1.290183
1985128090300317914,0.858,14.387272,6151.7686,4.307,F8V,20.62105,21.019228,20.023659,12.0,1.0780808
1985128090300317916,0.844,-113.14533,6109.4204,4.366,F8V,20.885815,21.331017,20.238207,12.0,0.99689937
1985128090300317920,0.881,-136.99527,6151.7686,4.16,F5.5IV,20.57542,20.948524,20.007767,12.0,1.290183
1729428092935471183,1.71,71.826454,5546.2573,3.482,G1.5III,20.646252,22.736057,19.265265,1.5,3.860569
1729428092935471184,1.741,24.43527,7328.245,3.978,F0IV,20.45455,22.027168,19.197071,1.5,2.2011585
1729428092935471186,2.141,8.92995,4943.107,2.695,G7III,19.852898,22.358068,18.397854,1.5,10.681969
1729428092935471193,1.22,-23.941055,6382.635,4.271,F6V,18.051445,18.714819,17.225788,2.5,1.3141693
1729428092935471196,1.088,-72.96377,6081.35,4.399,F8V,19.372038,20.192743,18.441622,2.5,1.0731275
1729428092935471197,1.219,-58.777546,6251.727,4.275,F7V,19.070816,19.921387,18.121298,2.5,1.3141693
1729428092935471198,1.256,-4.418044,6652.7314,4.239,F4V,18.72005,19.430279,17.8596,2.5,1.3888371
1729428092935471199,1.347,23.861328,6807.6934,4.159,F3V,18.32557,19.02355,17.474775,2.5,1.579979
1729428092935471204,1.39,137.664,6668.068,4.097,F4IV,20.840427,22.308228,19.616743,2.5,1.7244529
1729428092935471205,1.605,17.413948,4731.5127,2.544,G9III,18.09648,19.914612,16.776707,2.5,11.082847
1729428092935471214,1.367,-14.745879,6237.348,3.874,F6IV,17.703306,18.496222,16.788292,4.0,2.2011585
1729428092935471215,1.028,-141.60776,6067.3633,4.405,F8V,19.6219,20.511988,18.649342,4.0,1.0390856
1729428092935471216,1.079,-14.276184,5847.901,4.365,G1V,19.420925,20.295671,18.458551,4.0,1.1134002
1729428092935471219,0.982,-8.015487,5807.644,4.461,G1V,20.474085,21.506145,19.426954,4.0,0.9520315
1729428092935471224,1.28,25.29941,6237.348,4.045,F7IV,19.45649,20.526333,18.38949,4.0,1.7484423
1729428092935471232,1.119,-85.145096,6223.003,4.3,F7.5V,20.67661,21.846354,19.565485,4.0,1.2208191
1729428092935471237,1.355,-38.40551,6095.369,3.905,F7IV,19.983246,21.348726,18.795351,4.0,2.1215405
1729428092935471247,1.382,156.05655,4731.5127,2.475,G9III,20.36196,22.896175,18.901848,4.0,11.082847
1729428092935471256,0.989,5.2730656,5942.9214,4.39,G0V,19.223467,20.132296,18.239359,6.0,1.0343114
1729428092935471259,1.068,-33.467987,5714.786,4.313,G2V,19.193035,20.045286,18.24325,6.0,1.1766609
1729428092935471261,0.929,41.580772,5675.4463,4.471,G2.5V,20.003662,20.896912,19.03133,6.0,0.91759557
1729428092935471265,0.975,-20.262455,5701.6426,4.425,G2.5V,20.329582,21.264292,19.333387,6.0,0.9877597
1729428092935471273,1.215,89.219925,4518.5596,2.49,K1.5III,17.244194,18.732801,16.019121,6.0,10.248288
1729428092935471274,1.193,32.229885,4954.502,3.758,G5.5III,20.63446,22.196896,19.382288,6.0,2.358584
1729428092935471275,1.144,-113.31967,5956.6216,4.023,F9IV,20.72275,22.140772,19.516546,6.0,1.7007924
1729428092935471277,1.198,93.90748,4602.566,2.613,K0.5III,19.165003,21.336569,17.76903,6.0,8.803418
1729428092935471286,0.832,56.604588,5533.501,4.523,G4V,18.910564,19.89303,17.889572,8.5,0.81405044
1729428092935471288,0.96,-95.85708,5942.9214,4.336,G0V,18.467546,19.280497,17.540348,8.5,1.0880562
1729428092935471290,0.779,35.777267,4954.502,4.582,K1.5V,20.529043,21.558443,19.484215,8.5,0.7390117
1729428092935471293,0.91,42.94865,5445.0264,4.458,G5V,20.11013,21.08408,19.094095,8.5,0.921831
1729428092935471294,0.713,88.44177,4808.3936,4.629,K2.5V,21.14247,22.195938,20.087122,8.5,0.6678075
1729428092935471296,0.91,-68.67984,5445.0264,4.458,G5V,20.322739,21.317373,19.295973,8.5,0.921831
1772978094949269525,0.88,-18.614859,5970.353,4.424,F9V,19.031874,19.440765,18.430292,10.0,0.9520315
1772978094949269526,0.766,-1.3774308,5345.6436,4.608,G7V,20.317463,20.870264,19.583,10.0,0.7221897
1772978094949269528,0.729,-5.6428785,5105.05,4.637,K0.5V,20.87935,21.434782,20.14516,10.0,0.680223
1772978094949269530,0.985,-77.06,4943.107,3.344,G6III,18.092451,18.685295,17.328543,10.0,3.4886012
1772978094949269532,0.421,2.0293088,3908.409,4.911,M0V,21.487196,22.410961,20.509798,12.0,0.3755358
1772978094949269533,0.708,-38.270927,5321.0825,4.644,G7V,20.410398,20.932253,19.703125,12.0,0.66473925
1772978094949269536,0.798,-169.10417,5888.4365,4.51,G0.5V,20.193605,20.596132,19.588543,12.0,0.82158273
1772978095083487235,0.567,-11.201287,3854.7837,4.747,K9V,20.749233,21.799551,19.68919,2.5,0.52318025
1772978095083487238,0.647,-27.923092,4246.196,4.693,K6V,19.647388,20.470655,18.7204,4.0,0.5979313
1772978095083487241,0.635,-6.795038,4216.965,4.69,K6V,20.219038,21.010836,19.311317,6.0,0.5924495
1772978095083487242,0.203,-13.003102,3326.5955,5.074,M3.5V,24.47125,25.974684,23.219206,6.0,0.2151054
1772978095083487243,0.509,-13.940925,3749.73,4.794,M0V,21.884972,22.968372,20.808943,6.0,0.47059935
1772978095083487244,0.073,-1.055253,1599.558,5.36,L5V,31.037231,35.48198,29.42493,8.5,0.30524695
1772978095083487247,0.573,14.070808,4570.882,4.733,K4V,20.404606,21.113022,19.555653,8.5,0.5378378
1772978095083487250,0.455,22.42302,3845.9177,4.875,M0.5V,22.458214,23.517591,21.399431,10.0,0.40799168
1772978095083487251,0.31,-9.44132,3647.5396,4.977,M1.5V,24.084562,25.194777,23.00775,10.0,0.29967555
1772978095083487252,0.359,-2.9801757,3706.8071,4.947,M1V,23.914387,25.026852,22.843369,10.0,0.33315882
1772978095083487253,0.455,-18.584026,3845.9177,4.875,M0.5V,23.106146,24.202974,22.023964,10.0,0.40799168
1772978095083487254,0.157,-17.931887,3258.367,5.148,M3.5V,26.478682,28.148033,25.186071,10.0,0.1740409
1772978095083487256,0.615,-5.935614,4375.221,4.712,K6V,22.121412,22.826927,21.272665,10.0,0.57102
1772978095083487258,0.631,-61.409832,4456.5625,4.7,K5V,22.542593,23.278458,21.673912,10.0,0.58701783
1772978095083487261,0.154,-37.389492,3341.9504,5.165,M3V,26.284046,27.640722,25.089928,12.0,0.17007925
1772978095083487264,0.154,-168.4379,3341.9504,5.165,M3V,27.17559,28.361418,26.066078,12.0,0.17007925
1772978095217704970,0.382,-13.2984705,3523.7087,4.914,M2V,22.893559,24.208696,21.716042,6.0,0.3553459
1772978095217704980,0.932,-5.3452983,6109.4204,4.253,F8V,18.452642,18.858658,17.846563,10.0,1.1930299
1772978095217704981,0.88,-18.149235,5970.353,4.424,F9V,19.031874,19.440765,18.430292,10.0,0.9520315
1772978095217704982,0.157,-6.5481687,3258.367,5.148,M3.5V,26.478682,28.148033,25.186071,10.0,0.1740409
1772978095217704986,0.575,-70.00348,2432.2036,8.0,DAVII,32.7166,33.15586,32.076077,10.0,0.01243516
1772978095217704989,0.32,-34.760605,3767.038,4.977,M1V,23.967096,25.070768,22.89324,12.0,0.30384445
1772978095351922698,0.642,-13.412645,4246.196,4.687,K6V,20.549166,21.3799,19.617525,6.0,0.5979313
1772978095351922708,0.157,-5.3382764,3258.367,5.148,M3.5V,26.48993,27.997957,25.25148,10.0,0.1740409
1772978095351922709,0.575,-18.402025,2588.2136,8.0,DAVII,31.603739,32.030148,30.975805,10.0,0.012435152
1772978095351922714,0.157,-73.10544,3258.367,5.148,M3.5V,27.187744,28.947298,25.86176,10.0,0.1740409
2203578094139211778,0.646,-15.420999,4549.8804,4.689,K5V,19.34074,20.005932,18.521786,10.0,0.60069126
2203578098434179073,0.679,12.6319475,4405.549,4.682,K5V,15.6176,16.268265,14.81125,4.0,0.6175204
2203578098434179075,0.57,-80.907455,4345.102,4.752,K6V,20.38958,21.161903,19.496521,12.0,0.5255951
2203628091987722241,1.603,-168.29317,6839.1167,3.972,F2.5IV,19.043198,19.329473,18.575005,1.5,2.131333
2203628092121939969,0.405,-169.38531,3564.5112,4.904,M1.5V,26.19631,27.47394,25.059849,1.5,0.37038323
2203628092927246337,2.008,-168.51344,,,,19.041704,19.328875,18.572243,1.5,
2203628096148471810,0.78,-163.6129,5794.287,4.548,G1.5V,18.428762,18.843182,17.815521,12.0,0.7774121
2203628096282689537,1.16,-72.23708,6095.369,3.993,F7.5IV,16.859776,17.25647,16.26808,6.0,1.7727656
2203628096416907265,0.398,-64.72787,3531.8318,4.9,M2V,23.206985,24.492796,22.049881,6.0,0.36868146
2203628097222213633,1.558,-70.31881,,,,16.85664,17.255085,16.262808,6.0,
2203678090104668169,0.748,-136.8395,4830.588,4.619,K2.5V,21.928173,22.535196,21.152636,6.0,0.6896858
2203678090641539074,1.631,-137.9516,,,,20.536932,21.03189,19.848507,1.5,
2203678090641539080,1.558,-96.3335,,,,16.647604,17.059381,16.041191,6.0,
2203678090641539081,2.635,-137.74403,,,,18.967941,19.421207,18.319424,6.0,
2203678091849498627,0.402,-25.227,3564.5112,4.906,M1.5V,19.954468,21.26213,18.779673,2.5,0.36868146
2203678091983716357,0.091,-59.493217,2697.7395,5.311,M7.5V,27.08853,29.685888,25.616419,4.0,0.10981239
2203678092789022723,0.574,-22.250803,,,,19.724539,21.065622,18.535053,2.5,
2203678092789022725,0.797,-59.524944,,,,19.31974,20.094633,18.423836,4.0,
2203678093862764546,0.996,-150.15958,5675.4463,4.505,G2.5V,20.973875,21.450335,20.303371,1.5,0.9133796
2203678093862764550,0.433,-70.15647,3801.894,4.896,M0.5V,20.113152,21.275625,19.020172,10.0,0.38962904
2203678093862764552,0.585,-87.915504,4436.0864,4.739,K6V,20.85707,21.592936,19.986856,12.0,0.54032034
2203678093862764553,0.763,-34.888554,5688.5293,4.579,G3V,19.48157,19.945494,18.81972,12.0,0.7390117
2203678093996982273,1.083,-136.48393,5956.6216,4.439,G0V,20.326658,20.767904,19.688517,1.5,1.0248288
2203678093996982275,0.792,-26.412666,5296.6343,4.567,G7V,17.606266,18.186777,16.852497,8.5,0.75275093
2203678093996982277,1.0,-139.90465,5834.451,4.282,G1V,20.25368,20.738579,19.57528,8.5,1.1766609
2203678093996982279,0.766,-14.334883,5345.6436,4.608,G7V,19.393911,19.94064,18.665634,10.0,0.7221897
2203678094131200001,0.243,-131.74702,3475.3616,5.054,M2V,26.312828,27.659712,25.138702,1.5,0.24135223
2203678094131200003,0.533,-18.430775,3775.722,4.764,M0V,20.385399,21.536577,19.26906,8.5,0.49963322
2203678094131200005,0.241,-134.3085,3639.1504,5.049,M1V,26.203447,27.358511,25.106884,8.5,0.24246626
2203678094131200007,0.289,-19.659212,3614.0986,4.992,M1.5V,23.515432,24.840834,22.343777,10.0,0.28356415
2203678094936506369,1.326,-135.61586,,,,20.32229,20.766005,19.681368,1.5,
2203678094936506371,1.325,-23.201838,,,,17.525394,18.13824,16.74116,8.5,
2203678094936506373,1.241,-138.81789,,,,20.24916,20.73614,19.568645,8.5,
1729428092935471297,1.0,-57.57047,5834.451,4.282,G1V,19.48676,20.433594,18.483425,8.5,1.1766609
1729428092935471299,1.005,-95.41083,5956.6216,4.243,G0V,19.611256,20.570414,18.599508,8.5,1.2378024
1729428092935471300,0.896,23.552746,5675.4463,4.454,G2.5V,20.20633,21.111244,19.225214,8.5,0.91759557
1729428092935471301,0.838,13.936605,5420.009,4.525,G5.5V,20.880327,21.901625,19.839397,8.5,0.8178079
1729428092935471302,0.919,-103.932724,5333.349,4.456,G6V,20.423553,21.40271,19.404646,8.5,0.926086
1729428092935471304,1.068,44.876984,4943.107,3.433,G7III,18.099611,19.146032,17.04823,8.5,3.2407932
1729428092935471307,1.054,137.30681,5821.032,4.061,G1IV,19.330809,20.291674,18.320385,8.5,1.5654937
1729428092935471308,0.968,-130.16658,5821.032,4.343,G1V,20.295727,21.301664,19.26211,8.5,1.083057
1729428092935471323,1.087,130.9108,4731.5127,2.408,G9III,20.206972,22.728733,18.74878,8.5,10.63289
1729428092935471331,1.076,127.74594,4120.975,1.483,K4II,19.823198,23.136467,18.26764,8.5,30.665588
1729428092935471333,0.88,-14.660859,5970.353,4.424,F9V,13.712486,14.107414,13.125614,10.0,0.9520315
1729428092935471335,0.678,35.79061,4753.352,4.668,K3.5V,20.57143,21.579346,19.537796,10.0,0.6319043
1729428092935471336,0.985,64.724495,4943.107,3.344,G6III,17.112045,18.152609,16.062845,10.0,3.4886012
1729428092935471342,0.946,39.985233,6109.4204,4.181,F6IV,19.346205,20.29343,18.339619,10.0,1.3081312
1729428092935471345,0.898,-68.24279,6039.4863,4.374,F9V,19.6214,20.415697,18.704008,10.0,1.0201201
1729428092935471346,0.97,58.48837,5861.382,3.954,F8IV,18.642717,19.492903,17.690859,10.0,1.7165297
1729428092935471347,0.861,-59.436893,5888.4365,4.467,G0.5V,20.058268,20.852484,19.140926,10.0,0.89670855
1729428092935471350,0.861,-105.19167,5888.4365,4.467,G0.5V,20.508566,21.42438,19.51934,10.0,0.89670855
1729428092935471359,0.993,-55.382713,4246.196,1.746,K4III,17.39808,19.551113,16.01115,10.0,22.011585
1729428092935471364,0.828,-96.26955,5236.0044,3.169,G3III,19.616745,21.246103,18.345858,14.0,3.9323423
1729428092935471367,1.088,64.98782,5714.786,3.998,F9IV,18.958437,19.86423,17.97718,10.0,1.708643
1729428092935471368,1.103,-124.242935,5199.96,3.847,G3IV,19.061876,20.065592,18.029839,10.0,2.0448022
1729428092935471374,1.128,36.99958,4355.1187,2.256,K2.5III,19.328272,21.954363,17.860365,10.0,12.961382
1729428092935471386,1.133,-10.065292,4549.8804,2.368,K0.5III,19.642849,21.914938,18.228096,10.0,10.438818
1729428092935471387,1.135,218.84267,4539.416,2.33,K0.5III,20.736229,23.64732,19.225695,10.0,10.880562
1729428092935471388,1.129,-129.4527,4265.7954,2.067,K3.5III,19.859062,22.746525,18.354801,10.0,16.019587
1729428092935471391,1.133,-8.071804,4549.8804,2.368,K0.5III,20.09815,22.565607,18.650942,10.0,10.438818
1729428092935471392,1.13,121.76737,3467.3684,0.633,M4III,18.368753,23.492208,16.683882,10.0,83.685715
1729428092935471394,1.129,134.12793,4226.686,1.99,K4III,20.404594,23.652285,18.858688,10.0,17.565128
1729428092935471395,1.133,-68.16863,4549.8804,2.368,K0.5III,19.9012,22.248041,18.474176,10.0,10.438818
1729428092935471397,1.126,3.9131598,4518.5596,2.601,K0.5III,20.85264,23.481255,19.3801,10.0,8.642737
1729428092935471400,1.129,142.70424,4159.106,1.851,K5III,20.003683,23.099194,18.474463,10.0,20.542406
1985128090434535425,0.647,-135.45386,4216.965,4.7,K6V,20.579245,21.398975,19.651264,2.5,0.5924495
1985128090434535426,0.951,44.496105,5445.0264,4.518,G5V,18.58278,19.0422,17.935303,2.5,0.88034177
1985128090434535433,1.368,-56.963737,4634.469,2.764,K0III,15.410638,16.06747,14.6012945,4.0,7.918653
1985128090434535438,0.642,-141.34178,4246.196,4.687,K6V,20.734814,21.514982,19.834702,6.0,0.5979313
1985128090434535439,1.043,68.30033,6081.35,4.301,F8V,17.753595,18.124428,17.193787,6.0,1.1766609
1985128090434535442,1.077,-112.102516,6095.369,4.24,F8V,18.77224,19.220337,18.134975,6.0,1.2842551
1985128090434535443,0.864,-104.91496,5308.844,4.536,G7V,20.47591,21.0198,19.752386,6.0,0.8178079
1985128090434535445,1.122,-159.28545,6223.003,4.101,F7.5IV,18.520092,18.909197,17.94368,6.0,1.5369202
1985128090434535449,0.497,-20.838678,3689.776,4.801,M0V,19.798977,20.812735,18.759466,8.5,0.46200994
1985128090434535451,0.362,-59.535324,3515.6045,4.923,M1V,21.337337,22.566946,20.19525,8.5,0.3424927
1985128090434535456,0.846,-10.084062,5199.96,4.524,G8V,19.234991,19.755081,18.534084,8.5,0.82158273
1985128090434535457,0.817,-92.47016,5296.6343,4.547,G7V,19.46187,19.982607,18.760374,8.5,0.788227
1985128090434535465,0.857,-59.17277,5546.2573,4.501,G4V,20.12098,20.66699,19.39629,8.5,0.84849894
1985128090434535470,0.97,-24.753822,5861.382,3.954,F8IV,16.471542,16.871515,15.872571,10.0,1.7165297
1985128090434535471,0.615,-80.06172,4375.221,4.712,K6V,20.710085,21.369907,19.895212,10.0,0.57102
1985128090434535474,0.729,-14.039193,5105.05,4.637,K0.5V,19.586773,20.112427,18.87981,10.0,0.680223
1985128090434535475,0.958,-97.436676,6053.4087,4.092,F6.5IV,17.349598,17.732887,16.76694,10.0,1.4610037
1985128090434535477,0.842,-96.81469,5807.644,4.506,G1.5V,18.66165,19.067408,18.061047,10.0,0.84849894
1985128090434535478,0.946,-105.71151,6109.4204,4.181,F6IV,17.55967,17.937162,16.983194,10.0,1.3081312
1985128090434535479,0.99,-63.679108,4742.42,2.769,G8III,15.315053,15.899638,14.558446,10.0,6.7709765
1985128090434535480,0.678,-45.815037,4753.352,4.668,K3.5V,20.652868,21.234484,19.895105,10.0,0.6319043
1985128090434535483,0.958,-57.34531,6053.4087,4.092,F6.5IV,17.917809,18.33653,17.301903,10.0,1.4610037
1985128090434535485,0.958,-74.898155,6053.4087,4.092,F6.5IV,17.97501,18.389187,17.360258,10.0,1.4610037
1985128090434535495,0.97,-134.71985,5861.382,3.954,F8IV,18.11287,18.582008,17.445572,10.0,1.7165297
1985128090434535496,0.712,-38.655933,4988.8447,4.648,K2V,20.855406,21.392653,20.135033,10.0,0.66168505
1985128090434535509,0.712,-189.33524,4988.8447,4.648,K2V,21.290651,21.899242,20.51358,10.0,0.66168505
1985128090434535515,0.88,-76.43719,5970.353,4.424,F9V,19.608494,20.029636,18.990475,10.0,0.9520315
1985128090434535518,0.932,-114.57505,6109.4204,4.253,F8V,19.078726,19.50262,18.454496,10.0,1.1930299
1985128090434535519,0.97,-131.44283,5861.382,3.954,F8IV,18.399096,18.85065,17.752014,10.0,1.7165297
1985128090434535525,0.946,-114.736496,6109.4204,4.181,F6IV,18.922415,19.333172,18.314665,10.0,1.3081312
1985128090434535526,0.861,-159.34727,5888.4365,4.467,G0.5V,20.092422,20.536646,19.45261,10.0,0.89670855
1985128090434535527,0.898,-152.1512,6039.4863,4.374,F9V,19.64822,20.070004,19.02611,10.0,1.0201201
2203778094660059141,2.062,-63.256863,,,,17.800676,18.253592,17.151054,6.0,
1772978095351922717,0.692,-42.121185,5199.96,4.658,G9V,20.6104,21.132252,19.903126,12.0,0.64365226
1772978095486140436,0.359,-5.225097,3706.8071,4.947,M1V,23.914387,25.026852,22.843369,10.0,0.33315882
1772978095486140442,0.157,-72.83505,3258.367,5.148,M3.5V,27.187744,28.947298,25.86176,10.0,0.1740409
1772978095888793603,1.192,-11.298861,,,,19.61778,20.581953,18.607069,2.5,
1772978095888793606,1.333,-26.822727,,,,18.734428,19.502363,17.84336,4.0,
1772978095888793609,1.678,-17.626663,,,,16.866116,17.267729,16.272142,6.0,
1772978095888793610,2.016,-13.406848,,,,18.904568,19.5527,18.093946,6.0,
1772978095888793611,1.207,-13.63293,,,,19.831741,20.59155,18.943472,6.0,
1772978095888793612,0.576,4.1680217,,,,20.529108,21.586508,19.47125,8.5,
1772978095888793615,1.325,15.562344,,,,19.115143,19.71368,18.347713,8.5,
1772978095888793618,1.101,22.430246,,,,20.496078,21.230885,19.625225,10.0,
1772978095888793619,1.134,-10.863219,,,,19.378225,19.83215,18.728645,10.0,
1772978095888793620,2.406,-4.9584136,,,,18.393335,18.81976,17.76549,10.0,
1772978095888793621,2.79,-18.419104,,,,18.266634,18.68145,17.658066,10.0,
1772978095888793622,1.08,-4.53563,,,,20.310038,20.867603,19.570612,10.0,
1772978095888793624,1.344,-5.776831,,,,20.579111,21.168945,19.816116,10.0,
1772978095888793626,2.5049999,-70.985374,,,,18.07409,18.669447,17.308056,10.0,
1772978095888793629,1.874,-39.02084,,,,19.728462,20.260838,19.010979,12.0,
1772978095888793632,0.952,-168.99638,,,,20.191858,20.595282,19.585762,12.0,
1772978097230970908,0.421,1.6837684,3908.409,4.911,M0V,21.487196,22.410961,20.509798,12.0,0.3755358
1772978098036277276,0.842,1.8565387,,,,20.734621,21.658386,19.757221,12.0,
1772978099110019073,0.686,6.760892,4385.307,4.698,K5V,17.88555,18.544067,17.073145,0.575,0.61185896
1772978099110019075,0.48,-32.939632,3655.948,4.832,M0.5V,19.508299,20.513933,18.466284,2.5,0.43717098
1772978099110019077,1.286,-38.098217,5176.0684,3.774,G4IV,18.2289,18.771223,17.506565,4.0,2.4024332
1772978099110019078,0.733,4.321657,4709.7734,4.63,K3V,18.282764,18.875532,17.521757,6.0,0.6770977
1772978099110019081,0.635,-42.74867,4246.196,4.68,K7V,19.461645,20.244028,18.56241,8.5,0.60069126
1772978099110019083,1.102,-34.58321,4852.885,3.673,G6III,15.993138,16.598234,15.221893,8.5,2.4925926
1772978099110019086,0.861,-18.261719,5888.4365,4.467,G0.5V,17.745098,18.119112,17.172672,10.0,0.89670855
1772978099110019087,0.631,-51.179924,4456.5625,4.7,K5V,20.508238,21.192589,19.67494,10.0,0.58701783
1772978099110019089,0.695,-14.577412,4864.0723,4.659,K2.5V,20.18158,20.769495,19.42262,10.0,0.64662325
1772978099110019090,0.88,-53.408108,5970.353,4.424,F9V,18.452515,18.84295,17.867807,10.0,0.9520315
1772978099110019092,0.747,-12.706022,5223.962,4.625,G9V,20.962626,21.49068,20.249813,10.0,0.6992803
1772978099110019098,0.881,-131.8886,6151.7686,4.16,F5.5IV,19.105387,19.463638,18.554087,12.0,1.290183
1772978099110019099,0.908,-179.58655,5046.613,3.282,G5III,19.7317,20.284191,18.996681,12.0,3.6028926
1729428092935471404,1.134,42.891476,4560.369,2.375,K0III,20.45964,23.09016,18.987389,10.0,10.343114
1729428092935471408,1.133,160.5724,4549.8804,2.368,K0.5III,19.86355,22.14523,18.448132,10.0,10.438818
1729428092935471409,1.136,-167.95035,4497.7983,2.269,K1III,19.954786,22.383286,18.513868,10.0,11.712546
1729428092935471410,1.136,-31.86375,4415.7046,2.143,K2III,20.627163,23.520044,19.118774,10.0,13.509874
1729428092935471419,1.134,-327.95615,4560.369,2.375,K0III,20.631233,23.330301,19.148653,10.0,10.343114
1729428092935471424,1.136,37.119072,4497.7983,2.269,K1III,20.66242,23.438478,19.169905,10.0,11.712546
1729428092935471426,1.129,-162.53,4178.3037,1.9,K4.5III,19.731474,22.532728,18.239357,10.0,19.437988
1729428092935471428,1.128,53.82087,4355.1187,2.256,K2.5III,20.363932,23.207705,18.86711,10.0,12.961382
1729428092935471429,1.13,-321.4209,4045.759,1.638,K6III,19.58984,22.869738,18.037687,10.0,26.342155
1729428092935471432,1.132,93.87062,4539.416,2.353,K0.5III,20.31543,22.79017,18.866302,10.0,10.584036
1729428092935471437,1.134,-35.68598,4560.369,2.375,K0III,20.783953,23.516544,19.29602,10.0,10.343114
1729428093069688833,0.079,-43.49904,1815.5156,5.36,L3V,29.907198,34.979664,28.251392,0.575,0.2458393
1729428093069688835,0.073,-100.25597,1599.558,5.36,L5V,32.926613,37.94909,31.273333,0.575,0.30524695
1729428093069688837,0.652,-2.8488774,4255.9844,4.701,K6V,22.03511,23.442215,20.832632,0.575,0.5924495
1729428093069688839,1.083,-37.91512,6324.1187,4.462,F6.5V,19.381868,20.263105,18.41368,0.575,0.99689937
1729428093069688840,0.371,-17.00893,3564.5112,4.915,M1.5V,24.494484,26.590519,23.101913,0.575,0.35047036
1729428093069688841,1.105,-40.396248,5956.6216,4.451,F9V,19.02731,19.746315,18.16289,0.575,1.0201201
1729428093069688844,0.325,-8.798461,3483.373,4.949,M2V,25.157078,27.150875,23.784948,0.575,0.31379882
1729428093069688845,0.272,16.186052,3411.9292,4.961,M2.5V,25.27131,27.556456,23.831541,0.575,0.28356415
1729428093069688846,0.247,-16.407785,3396.2527,5.02,M2.5V,25.49881,27.751177,24.064579,0.575,0.25272682
1729428093069688848,0.742,-16.220312,4623.81,4.658,K3.5V,22.047403,23.317926,20.897528,0.575,0.65864486
1729428093069688850,0.535,-30.652012,3981.0718,4.767,K8V,23.472132,25.037962,22.218296,0.575,0.49963322
1729428093069688853,0.805,22.137814,4852.885,4.619,K2V,21.992302,23.213264,20.861965,0.575,0.71556866
1729428093069688856,0.502,68.07268,3990.249,4.8,K8V,24.715927,26.703627,23.355604,0.575,0.46628487
1729428093069688857,1.423,26.807335,7128.5303,4.304,F1V,20.075584,21.163877,18.99955,0.575,1.3697816
1729428093069688858,1.222,-16.531584,6486.344,4.376,F5V,20.190886,21.165838,19.17237,0.575,1.1712546
1729428093069688859,0.304,-48.524704,3443.4993,4.939,M2.5V,27.153606,29.91774,25.652887,0.575,0.30807135
1729428093069688860,1.087,-53.000854,6180.164,4.461,F7.5V,21.697582,23.01498,20.527487,0.575,1.0015008
1729428093069688863,1.347,32.900024,6561.4526,4.297,F4V,21.43479,22.880634,20.219809,0.575,1.3447802
1729428093069688866,1.176,-10.4441595,6223.003,4.403,F7.5V,23.57624,25.688185,22.189837,0.575,1.1134002
1729428093069688869,0.073,34.44559,1599.558,5.36,L5V,37.26183,44.435913,35.523438,0.575,0.30524695
1729428093069688872,2.533,254.066,9225.714,3.871,A3.5IV,21.275629,23.341887,19.887981,0.575,3.010588
2203678094936506375,1.055,-15.793396,,,,19.369797,19.9288,18.629559,10.0,
2203728090503315459,2.381,-100.155846,,,,18.040543,18.349129,17.548798,0.575,
2203728090503315462,3.347,-102.26783,,,,18.849684,19.302483,18.19958,2.5,
2203728091577057283,1.142,-175.51427,6353.309,4.269,F6V,19.975359,20.33545,19.422249,4.0,1.2783545
2203728091577057286,0.968,-90.413605,5821.032,4.343,G1V,19.308468,19.748417,18.674557,8.5,1.083057
2203728091577057287,0.985,-100.68852,5821.032,4.313,G1V,19.651411,20.0979,19.009699,8.5,1.1288892
2203728091577057288,0.766,-99.24789,5345.6436,4.608,G7V,19.803492,20.3483,19.073587,10.0,0.7221897
2203728091577057289,0.712,-441.7911,5847.901,4.604,G1V,20.67309,21.137192,20.011074,14.0,0.69606745
2203728091577057290,0.743,-351.70685,6053.4087,4.528,F8V,20.226664,20.635742,19.61321,14.0,0.7774121
2203728091577057291,0.79,-236.59055,6338.6973,4.322,F6V,19.671438,20.039797,19.103539,14.0,1.0154331
2203728091711275010,0.967,-102.03996,5559.0425,4.523,G4V,20.343204,20.846802,19.65109,1.5,0.876297
2203728091711275012,0.905,-91.10571,5675.4463,4.494,G2.5V,19.801603,20.236723,19.171133,6.0,0.876297
2203728091711275013,0.941,-89.97238,5942.9214,4.364,G0V,18.90964,19.36324,18.26136,8.5,1.0390856
2203728091845492738,0.8,-92.77312,4931.7383,4.615,K1.5V,21.376268,21.9541,20.623722,1.5,0.7188716
2203728091845492740,0.122,-92.12016,3013.006,5.201,M5.5V,27.658068,29.697313,26.282764,6.0,0.1440958
2203728091845492741,0.453,-72.99688,4187.9355,4.86,K7V,22.482397,23.362179,21.523405,8.5,0.4136674
2203728092650799106,1.767,-97.844444,,,,19.988667,20.51244,19.279375,1.5,
2203728092650799108,1.027,-91.22622,,,,19.800823,20.236544,19.169582,6.0,
2203728092650799109,1.394,-84.455956,,,,18.869951,19.336279,18.208838,8.5,
2203728095872024577,0.888,-88.73696,5188.0005,4.58,G8V,20.859884,21.408573,20.129906,0.575,0.788227
2203728095872024583,0.866,-85.70593,5199.96,4.537,G8V,18.824255,19.359522,18.10714,6.0,0.82158273
2203728095872024590,0.918,-136.63332,5688.5293,4.43,G2.5V,19.87318,20.33872,19.214294,8.5,0.9520315
2203728095872024592,0.615,-3.4686847,4375.221,4.712,K6V,18.595572,19.298841,17.749798,10.0,0.57102
2203728096006242306,1.612,-17.884378,4634.469,2.522,K0III,10.979839,11.610151,10.188502,2.5,11.340999
2203728096006242307,1.113,-168.33357,6095.369,4.378,F8V,20.484371,20.916708,19.855078,2.5,1.1134002
2203728096006242308,0.761,-65.4475,4742.42,4.622,K2.5V,19.627577,20.258085,18.8343,4.0,0.69606745
2203728096006242309,0.509,-45.05938,3749.73,4.794,M0V,20.935318,22.078674,19.841002,6.0,0.47059935
2203728096006242314,1.067,-98.48987,6223.003,4.234,F7.5V,18.878477,19.253412,18.308832,6.0,1.2842551
2203728096006242316,0.947,25.601648,5571.8574,4.405,G3V,17.901287,18.395378,17.218576,8.5,0.99689937
2203728096006242317,0.934,-53.745037,5457.5786,4.432,G5V,19.917503,20.424938,19.220785,8.5,0.95642585
2203728096006242319,0.476,43.892643,3881.5037,4.854,M0V,18.876526,19.809654,17.883959,10.0,0.42721975
2203728096140460034,0.073,-20.298664,1599.558,5.36,L5V,29.66902,34.113144,28.051247,2.5,0.30524695
2203728096140460035,0.906,-167.96024,5000.345,4.548,K1V,22.091625,22.67824,21.330957,2.5,0.825375
1772978099244236808,0.626,17.157536,4207.266,4.685,K7V,17.95537,18.70182,17.077929,8.5,0.5924495
1772978099244236810,0.48,9.848366,3749.73,4.815,M0V,20.95596,22.011564,19.892937,8.5,0.44529858
1772978099244236812,0.748,-34.610836,5046.613,4.603,K0.5V,19.419481,19.968502,18.692219,8.5,0.7057507
1772978099244236813,0.64,34.923985,4295.3643,4.677,K5V,20.609467,21.407068,19.699574,8.5,0.6062494
1772978099244236822,0.932,-84.57949,6109.4204,4.253,F8V,19.817587,20.234917,19.207258,10.0,1.1930299
1772978099244236824,0.744,-104.949036,5571.8574,4.606,G4V,20.537834,21.032372,19.847343,12.0,0.7090083
1772978099378454536,0.295,17.011377,3443.4993,4.973,M2.5V,20.941845,22.154743,19.79995,8.5,0.2928541
1772978099378454538,0.192,9.935236,3296.0972,5.084,M3.5V,23.620367,25.059313,22.388088,8.5,0.20732483
1772978099378454540,0.158,-33.597416,3206.2693,5.135,M4V,25.25939,26.949266,23.955275,8.5,0.17727657
1772978099378454550,0.409,-83.797554,3767.038,4.915,M1V,24.88615,25.993586,23.799166,10.0,0.37038323
1772978099378454552,0.372,-107.01454,3828.2473,4.947,M0.5V,24.068684,25.18894,22.99566,12.0,0.3393527
1772978099512672278,0.271,-84.03323,3589.2192,5.008,M2V,25.861832,27.17287,24.685804,10.0,0.26955745
1773028090381860868,1.705,12.749865,7161.434,3.967,F1IV,15.920853,16.29515,15.355365,1.5,2.2113185
1773028092529344513,0.695,4.7281356,4446.3125,4.693,K5V,17.430716,18.120407,16.59515,0.575,0.6175204
1773028092529344514,0.512,5.7017097,3698.2817,4.785,M0V,20.190195,21.32116,19.089449,0.575,0.47714603
1773028092529344515,0.581,12.773529,3908.409,4.737,K9V,20.314919,21.28937,19.297155,1.5,0.5378378
1773028092529344516,0.707,14.093376,4497.7983,4.679,K5V,20.385609,21.20034,19.464691,1.5,0.62900096
1773028092529344518,1.201,8.405361,6251.727,4.345,F7V,18.473711,18.942812,17.81035,1.5,1.1985366
1773028092529344522,1.618,13.157318,4518.5596,2.375,K1.5III,15.39299,16.180454,14.491247,2.5,13.509874
1773028092529344532,1.167,38.05189,6367.955,4.241,F6V,18.370642,18.893875,17.657753,4.0,1.3324512
1773028092529344536,0.817,3.5126064,5069.907,4.573,K0V,18.34584,19.003502,17.530613,6.0,0.76322275
1773028092529344538,1.117,16.451147,6095.369,4.139,F8V,17.798803,18.279118,17.125313,6.0,1.4677473
1773028092529344539,1.01,1.953218,5956.6216,4.364,G0V,18.73093,19.244926,18.02744,6.0,1.0780808
1773028092529344540,0.864,-14.81756,5308.844,4.536,G7V,20.247723,20.876808,19.452402,6.0,0.8178079
1773028092529344546,0.752,22.004108,4943.107,4.601,K1.5V,19.1866,19.827553,18.384739,8.5,0.7090083
1773028092529344547,0.938,-12.832722,5688.5293,4.403,G2.5V,18.018759,18.585577,17.270252,8.5,0.99231905
1773028092529344549,0.796,-2.8972352,5176.0684,4.567,G8V,19.153543,19.75817,18.377214,8.5,0.7597161
1773028092529344550,0.723,-19.059837,4645.153,4.625,K3.5V,19.9263,20.60506,19.09718,8.5,0.6770977
1773028092529344552,0.817,-24.060734,5296.6343,4.547,G7V,19.568983,20.211416,18.764225,8.5,0.788227
1773028092529344553,0.706,-14.7694645,4613.176,4.639,K4V,20.652746,21.49877,19.71232,8.5,0.65864486
1773028092529344556,0.991,-61.195805,5956.6216,4.275,G0V,19.062393,19.62539,18.316153,8.5,1.1820921
1773028092529344563,0.898,-30.21581,6039.4863,4.374,F9V,17.872475,18.372791,17.178333,10.0,1.0201201
1773028092529344564,0.97,28.380003,5861.382,3.954,F8IV,17.175066,17.692331,16.466814,10.0,1.7165297
1985128090434535532,0.805,-143.61711,5584.702,4.565,G4V,20.700186,21.218725,19.993471,10.0,0.77384025
1985128090434535534,0.786,-149.45656,5470.1597,4.588,G5.5V,20.942516,21.460087,20.236668,10.0,0.74584967
1985128090434535537,0.932,-140.76114,6109.4204,4.253,F8V,19.349005,19.758574,18.74283,10.0,1.1930299
1985128090434535538,0.786,-101.54953,5470.1597,4.588,G5.5V,20.80378,21.265972,20.146217,10.0,0.74584967
1985128090434535542,0.861,-136.78244,5888.4365,4.467,G0.5V,20.388346,20.836893,19.743034,10.0,0.89670855
1985128090434535550,0.898,-107.46196,6039.4863,4.374,F9V,20.065714,20.487268,19.448618,10.0,1.0201201
1985128090434535557,0.861,-79.87526,5888.4365,4.467,G0.5V,20.819405,21.250647,20.192513,10.0,0.89670855
1985128090434535559,0.932,-36.53559,6109.4204,4.253,F8V,20.089075,20.508081,19.473228,10.0,1.1930299
1985128090434535566,0.743,-77.1517,6053.4087,4.528,F8V,19.753056,20.16059,19.145416,14.0,0.7774121
1985128090434535575,0.807,-104.719666,6367.955,4.18,F4IV,19.295454,19.686968,18.704903,14.0,1.2040688
1985128090434535578,0.975,-214.55656,5754.3994,4.364,G2V,19.156008,19.654675,18.471964,10.0,1.0584036
1985128090434535579,0.819,4.248589,5058.2466,4.554,K1.5V,20.425789,21.00183,19.67627,10.0,0.7810005
1985128090434535580,0.837,-42.70853,5140.4365,4.538,K0V,20.408333,20.958368,19.677704,10.0,0.80288124
1985128090434535585,1.084,-34.30346,5767.6646,4.029,F8IV,18.7938,19.269308,18.129763,10.0,1.6468396
1985128090434535586,0.869,24.70436,5296.6343,4.51,G8V,20.656422,21.211926,19.922764,10.0,0.84460044
1985128090434535595,0.913,-46.749924,5508.077,4.461,G5V,20.378796,20.886679,19.685404,10.0,0.91759557
1985128090434535598,1.088,106.05793,5714.786,3.998,F9IV,18.97609,19.463999,18.300285,10.0,1.708643
1985128090434535601,0.938,-157.10321,5610.48,4.426,G3V,20.311619,20.853315,19.589293,10.0,0.9652756
1985128090434535602,0.875,76.546394,5333.349,4.504,G7V,20.834785,21.400408,20.091864,10.0,0.85241544
1985128090434535605,0.938,-96.82293,5610.48,4.426,G3V,20.327719,20.843904,19.625437,10.0,0.9652756
1985128090434535607,1.008,-39.25507,5834.451,4.299,G1V,19.722954,20.1833,19.070536,10.0,1.1605165
1985128090434535609,0.869,-21.563227,5296.6343,4.51,G8V,20.947014,21.532404,20.190422,10.0,0.84460044
1985128090434535610,0.962,-161.44272,5701.6426,4.386,G2.5V,20.136961,20.61984,19.467773,10.0,1.0295591
1985128090434535611,1.07,8.529082,5847.901,4.105,F8IV,19.225512,19.694723,18.564249,10.0,1.4950348
1985128090434535613,0.962,-244.68703,5701.6426,4.386,G2.5V,20.293001,20.790714,19.606707,10.0,1.0295591
1985128090434535618,0.919,-62.511494,5533.501,4.453,G4V,20.724089,21.256071,20.010355,10.0,0.9303606
1985128090434535622,0.708,-26.554108,5321.0825,4.644,G7V,20.12684,20.660387,19.40916,12.0,0.66473925
1985128090434535625,0.858,-162.78566,6151.7686,4.307,F8V,18.849306,19.221457,18.28294,12.0,1.0780808
1985128090434535629,0.708,-121.385635,5321.0825,4.644,G7V,20.953701,21.49069,20.230585,12.0,0.66473925
1985128090434535634,0.829,-172.31749,6039.4863,4.419,F9V,20.35269,20.794209,19.71428,12.0,0.9303606
1985128090434535635,0.814,-233.03989,5970.353,4.467,F9V,20.626047,21.05104,20.000715,12.0,0.87227076
1985128090434535641,0.814,-109.687004,5970.353,4.467,F9V,20.979189,21.387827,20.370419,12.0,0.87227076
1985128090434535643,0.829,-76.27967,6039.4863,4.419,F9V,20.938723,21.355942,20.321215,12.0,0.9303606
1729428093069688873,1.472,160.07452,7464.488,4.319,A9V,23.368464,25.467209,21.984028,0.575,1.3697816
1729428093069688875,2.522,95.42944,4943.107,2.726,G7III,21.135117,24.170584,19.607916,0.575,11.237024
1729428093069688885,0.261,-25.996777,3475.3616,5.037,M2V,24.677656,26.631432,23.31875,1.5,0.25506526
1729428093069688886,0.686,-73.38482,4385.307,4.692,K5V,21.662783,22.877659,20.536093,1.5,0.61468315
1729428093069688888,0.9,29.595373,9862.794,8.49,DBVII,28.070522,28.660513,27.30425,1.5,0.008844053
1729428093069688892,0.319,-51.63379,3459.3938,4.981,M2.5V,25.490435,27.585878,24.102654,1.5,0.3010588
1729428093069688894,0.428,24.837534,3810.6582,4.889,K9V,23.689976,25.281715,22.424911,1.5,0.38783884
1729428093069688896,0.205,-6.431553,3303.6953,5.075,M3V,26.02481,28.122559,24.624237,1.5,0.21609828
1729428093069688901,0.345,-39.361496,3564.5112,4.965,M1.5V,25.081322,27.08996,23.706131,1.5,0.3181642
1729428093069688902,0.607,63.142765,3971.9155,4.72,K8V,23.095175,24.55481,21.870836,1.5,0.5605977
1729428093069688906,0.149,-37.38405,3155.0046,5.147,M4.5V,27.882292,30.517662,26.392982,1.5,0.1692978
1729428093069688909,0.33,-54.590828,3459.3938,4.972,M2V,27.35974,30.163164,25.857807,1.5,0.30949333
1729428093069688911,0.438,78.0799,3647.5396,4.873,M0.5V,27.488134,30.480045,25.957819,1.5,0.39870468
1729428093069688914,1.079,-1.914608,5727.9604,4.445,G2V,24.405243,26.749123,22.977087,1.5,1.0154331
1729428093069688921,1.128,-28.960255,6622.165,4.331,F4V,18.131445,18.794819,17.305788,2.5,1.1875484
1729428093069688924,0.324,-93.81588,3564.5112,4.981,M1.5V,24.628262,26.520163,23.273685,2.5,0.30244842
1729428093069688925,0.557,-62.55546,3828.2473,4.757,K9V,23.345795,25.038752,22.046406,2.5,0.51600194
1729428093069688926,0.491,-14.185192,3672.823,4.821,M0.5V,24.049341,25.654713,22.780363,2.5,0.44941887
1729428093069688927,0.461,19.314642,3614.0986,4.848,M1V,24.07873,25.932232,22.737238,2.5,0.42135808
1729428093069688932,1.363,134.745,6668.068,4.128,F4V,20.940428,22.408228,19.716743,2.5,1.6468396
1729428093069688933,0.709,17.344067,4909.0786,4.664,K1.5V,24.152744,25.900188,22.849173,2.5,0.640695
1729428093069688942,0.784,-16.47424,4841.7236,4.607,K2V,21.176546,22.242432,20.114653,4.0,0.7188716
1729428093069688943,0.6,-84.80809,5533.5015,8.03,DAVII,29.657957,30.579132,28.66633,4.0,0.012378022
1729428093069688944,0.073,-13.332177,1599.558,5.36,L5V,33.605865,38.822666,31.945753,4.0,0.30524695
1729428093069688947,0.703,-2.876662,4909.0786,4.658,K1.5V,22.071234,23.231613,20.965797,4.0,0.640695
1729428093069688952,0.583,49.077946,3926.4495,4.728,K9V,24.048687,25.80637,22.744305,4.0,0.54531986
1729428093069688960,0.384,-83.19054,3523.7087,4.917,M2V,25.907213,28.267113,24.468071,4.0,0.3553459
1729428093069688965,0.853,-34.457275,5520.7744,4.564,G4V,22.524647,23.990185,21.304752,4.0,0.788227
1729428093069688984,0.917,-16.698658,5333.349,4.496,G6V,19.976717,21.016119,18.92711,6.0,0.88440526
1729428093069688987,0.89,-39.28438,5321.0825,4.518,G6V,20.201668,21.14107,19.203987,6.0,0.84849894
1729428093069688989,0.604,30.324512,4477.133,4.7,K5V,21.988224,23.186394,20.867907,6.0,0.5736557
1729428093069688993,0.6,-21.635975,5597.5747,8.05,DBVII,29.988356,30.910067,28.996437,6.0,0.012096271
1729428093069689001,1.16,49.90843,6095.369,3.993,F7.5IV,19.782476,20.945023,18.674202,6.0,1.7727656
2203728096140460036,0.499,-67.69458,3990.249,4.803,K8V,21.301311,22.282219,20.289555,4.0,0.4598872
2203728096140460037,0.265,-48.786167,3556.3132,5.026,M1.5V,22.397818,23.737728,21.220959,6.0,0.2610065
2203728096140460042,0.3,-98.52614,3491.403,4.984,M2V,25.17863,26.486456,24.018618,6.0,0.29150856
2203728096140460044,0.706,-100.21747,4613.176,4.639,K4V,19.677794,20.400702,18.817638,8.5,0.65864486
2203728096140460045,0.904,-52.80078,5116.8184,4.481,G9V,20.3835,20.964077,19.627872,8.5,0.89258856
2203728096140460047,0.157,40.75655,3258.367,5.148,M3.5V,22.013056,23.722424,20.696907,10.0,0.1740409
2203728096945766402,1.685,-17.988974,,,,10.979839,11.610151,10.188502,2.5,
2203728096945766403,2.019,-168.16605,,,,20.261763,20.721094,19.606884,2.5,
2203728096945766404,1.26,-66.33742,,,,19.416988,20.101625,18.58186,4.0,
2203728096945766405,0.774,-46.33535,,,,20.684378,21.865484,19.572508,6.0,
2203728096945766410,1.367,-98.497826,,,,18.875202,19.252024,18.3032,6.0,
2203728096945766412,1.653,-28.135977,,,,17.708126,18.236374,16.994444,8.5,
2203728096945766413,1.838,-53.280617,,,,19.373116,19.908806,18.652784,8.5,
2203728096945766415,0.633,43.11481,,,,18.817736,19.780495,17.80548,10.0,
2203778090365091843,1.578,-148.71524,,,,19.944927,20.349335,19.343733,2.5,
2203778090365091844,3.104,-167.40887,,,,19.565453,20.032524,18.90159,2.5,
2203778090365091847,1.098,-153.8391,,,,20.73229,21.234306,20.034708,8.5,
2203778091573051394,1.535,-125.64925,6668.068,3.903,F3IV,17.582174,17.931974,17.0434,2.5,2.262827
2203778091707269126,0.522,-96.621544,3767.038,4.781,M0V,23.626137,24.80358,22.520037,6.0,0.48378378
2203778092512575490,3.138,-115.48132,,,,17.527643,17.890833,16.973404,2.5,
2203778092512575494,1.639,-95.82749,,,,18.689878,19.159449,18.023443,6.0,
2203778093586317319,0.763,-188.36673,5688.5293,4.579,G3V,20.545609,21.070826,19.830698,12.0,0.7390117
2203778093586317320,0.725,-117.701225,5445.0264,4.627,G6V,20.917938,21.458082,20.1922,12.0,0.686517
2203778093720535041,1.105,-81.936905,5956.6216,4.451,F9V,19.609486,20.071527,18.95232,0.575,1.0201201
2203778093720535044,0.984,-133.13065,5584.702,4.467,G3V,20.712835,21.233295,20.00547,4.0,0.9433032
2203778093720535045,1.127,-63.772804,6095.369,4.103,F8IV,17.81635,18.261427,17.175343,6.0,1.5369202
2203778093720535046,0.999,-134.57571,5701.6426,4.4,G2V,20.363234,20.828876,19.702984,6.0,1.0295591
2203778093854752769,0.073,-86.998566,1599.558,5.36,L5V,34.09241,38.764626,32.47264,0.575,0.30524695
2203778093854752772,0.4,-144.04854,3531.8318,4.903,M2V,25.288385,26.627611,24.11177,4.0,0.36868146
2203778093854752773,0.537,-61.85444,3775.722,4.767,M0V,22.753805,23.90571,21.655785,6.0,0.49963322
2203778093854752774,0.798,-134.47444,5649.3696,4.577,G3V,21.133234,21.598877,20.472984,6.0,0.7492924
2203778093988970501,0.398,-63.6881,3531.8318,4.9,M2V,23.825424,25.174448,22.645332,6.0,0.36868146
2203778094660059137,1.178,-82.25057,,,,19.609484,20.071527,18.952316,0.575,
2203778094660059140,1.384,-136.2861,,,,20.696901,21.22577,19.98102,4.0,
1985128090568753153,0.642,-134.89456,4187.9355,4.702,K7V,20.669245,21.488976,19.741264,2.5,0.5897274
1985128090568753154,0.324,50.545975,3564.5112,4.981,M1.5V,23.210997,24.468107,22.051847,2.5,0.30244842
1985128090568753161,0.36,-38.68701,3723.917,4.953,M0.5V,23.581453,24.698856,22.472149,4.0,0.3301044
1985128090568753166,0.601,-141.21104,3971.9155,4.708,K8V,21.288223,22.202585,20.302893,6.0,0.5657849
1985128090568753167,0.882,64.739555,6039.4863,4.475,F9V,18.443596,18.814426,17.883787,6.0,0.88848746
1985128090568753170,0.964,-118.029045,5457.5786,4.45,G5V,19.900898,20.436241,19.185627,6.0,0.95642585
1985128090568753171,0.337,-105.26258,3723.917,4.971,M0V,24.53953,25.6505,23.447657,6.0,0.31235704
1985128090568753173,0.313,-150.28685,3451.4375,4.967,M2.5V,25.32658,26.670052,24.125301,6.0,0.30384445
1985128090568753177,0.197,-20.973877,3556.3132,5.103,M1.5V,21.466923,22.67222,20.334513,8.5,0.20542407
1985128090568753179,0.26,-56.86692,3491.403,5.015,M2V,21.937338,23.166945,20.795248,8.5,0.2610065
1985128090568753184,0.167,-24.172112,3396.2527,5.142,M2.5V,24.612154,26.126465,23.349503,8.5,0.18140586
1985128090568753185,0.6,-92.36599,4819.479,8.03,DAVII,29.069859,29.477848,28.460346,8.5,0.012264537
1985128090568753193,0.842,24.138052,5308.844,4.525,G7V,20.38503,20.97061,19.628283,8.5,0.8178079
1985128090568753198,0.786,6.9862084,5470.1597,4.588,G5.5V,18.64018,19.084858,17.999561,10.0,0.74584967
1985128090568753199,0.385,43.54626,3732.5015,4.932,M1V,22.66558,23.713495,21.617722,10.0,0.35208806
1985128090568753202,0.157,-21.97211,3258.367,5.148,M3.5V,25.355846,26.994884,24.067259,10.0,0.1740409
1985128090568753203,0.861,-101.819916,5888.4365,4.467,G0.5V,18.548838,18.934261,17.964235,10.0,0.89670855
1985128090568753205,0.157,-95.391106,3258.367,5.148,M3.5V,25.621593,27.195963,24.354462,10.0,0.1740409
1985128090568753206,0.631,-113.39008,4456.5625,4.7,K5V,20.912565,21.585829,20.085789,10.0,0.58701783
1985128090568753207,0.946,-64.5411,6109.4204,4.181,F6IV,17.686993,18.060326,17.11885,10.0,1.3081312
1985128090568753208,0.433,-45.187336,3801.894,4.896,M0.5V,22.877188,23.959217,21.821573,10.0,0.38962904
1985128090568753211,0.958,-52.733456,6053.4087,4.092,F6.5IV,17.917809,18.33653,17.301903,10.0,1.4610037
1985128090568753213,0.359,-75.40107,3706.8071,4.947,M1V,23.829212,24.953949,22.752703,10.0,0.33315882
1985128090568753223,0.433,-133.34924,3801.894,4.896,M0.5V,23.58762,24.732937,22.502052,10.0,0.38962904
1985128090568753224,0.185,-46.50152,3380.6484,5.106,M3V,26.066744,27.307028,24.924953,10.0,0.19890757
1985128090568753237,0.31,-40.586056,3647.5396,4.977,M1.5V,24.869228,26.020203,23.766228,10.0,0.29967555
1985128090568753243,0.334,-75.2927,3672.823,4.962,M1.5V,24.66245,25.786074,23.579641,10.0,0.31670237
1985128090568753246,0.239,-67.107475,3523.7087,5.039,M2V,25.479696,26.816402,24.321371,10.0,0.24470977
1985128090568753247,0.157,-138.2853,3258.367,5.148,M3.5V,26.913597,28.554947,25.62829,10.0,0.1740409
1985128090568753253,0.695,-145.37094,4864.0723,4.659,K2.5V,21.551208,22.17116,20.765203,10.0,0.64662325
1985128090568753254,0.575,-159.09247,2985.3818,8.0,DAVII,32.06322,32.531075,31.39548,10.0,0.012492557
1985128090568753255,0.271,-156.36809,3589.2192,5.008,M2V,25.250788,26.584887,24.093403,10.0,0.26955745
1773028092529344566,0.747,17.76153,5223.962,4.625,G9V,20.154678,20.785282,19.354687,10.0,0.6992803
1773028092529344567,0.898,-34.24455,6039.4863,4.374,F9V,18.635704,19.114151,17.965769,10.0,1.0201201
1773028092529344569,0.824,7.4770255,5701.6426,4.538,G2.5V,19.774048,20.338793,19.025187,10.0,0.80658716
1773028092529344570,0.861,-29.479225,5888.4365,4.467,G0.5V,19.364363,19.862247,18.676254,10.0,0.89670855
1773028092529344577,0.712,-55.51915,5847.901,4.604,G1V,20.95042,21.541437,20.175598,14.0,0.69606745
1773028092529344582,0.829,47.13064,6039.4863,4.419,F9V,20.551674,21.075403,19.83655,12.0,0.9303606
1773028092663562245,0.737,-10.251842,4623.81,4.655,K3.5V,20.37404,21.194124,19.449846,1.5,0.65864486
1773028092663562247,0.897,36.985073,5308.844,4.553,G7V,19.150099,19.77601,18.358244,2.5,0.8178079
1773028092663562248,0.869,-10.894129,5188.0005,4.569,G8V,19.772038,20.447424,18.941898,2.5,0.788227
1773028092663562251,0.246,-21.564657,3380.6484,5.031,M2.5V,20.783352,22.231182,19.545876,4.0,0.24925926
1773028092663562252,0.713,64.572845,4581.419,4.657,K4V,19.294739,20.102156,18.378065,4.0,0.6496079
1773028092663562253,1.308,-2.0004606,6095.369,3.973,F7IV,16.006325,16.496197,15.325376,4.0,1.925978
1773028092663562254,1.206,-8.976525,6237.348,4.18,F7V,16.794525,17.27283,16.124187,4.0,1.454291
1773028092663562255,1.253,-25.539154,6367.955,4.118,F6V,16.845608,17.321955,16.176416,4.0,1.5945984
1773028092663562256,1.03,-15.57291,5834.451,4.416,G1V,18.262302,18.822754,17.519165,4.0,1.0248288
1773028092663562257,1.355,8.337856,6095.369,3.905,F7IV,16.99165,17.504244,16.287779,4.0,2.1215405
1773028092663562258,0.857,-21.417025,5188.0005,4.563,G8V,19.837255,20.462448,19.044992,4.0,0.788227
1773028092663562259,0.959,105.57315,5571.8574,4.487,G4V,19.613512,20.246672,18.8155,4.0,0.909183
1773028092663562262,0.411,13.117674,3580.9644,4.889,M1.5V,21.273952,22.621338,20.087986,6.0,0.37901056
1773028092663562265,0.957,-3.1467483,5571.8574,4.45,G3V,18.626001,19.248436,17.83332,6.0,0.9520315
1773028092663562269,0.913,26.736675,5445.0264,4.496,G5V,20.06429,20.666916,19.288849,6.0,0.88034177
1773028092663562270,0.836,-62.475048,5407.5435,4.556,G5.5V,20.344696,20.940022,19.57517,6.0,0.788227
1773028092663562271,1.068,-1.8303632,5970.353,4.278,F9V,19.245956,19.746899,18.55298,6.0,1.2208191
1773028092663562273,1.025,31.193752,5701.6426,4.25,G2.5V,17.087828,17.632519,16.360628,8.5,1.2378024
1773028092663562279,0.651,17.223629,4335.109,4.672,K5V,20.641626,21.54918,19.663523,8.5,0.61185896
1773028092663562282,1.005,-15.485321,5956.6216,4.243,G0V,18.458649,19.022427,17.712078,8.5,1.2378024
1773028092663562286,0.941,-24.481926,5942.9214,4.364,G0V,19.695425,20.211716,18.988567,8.5,1.0390856
1773028092663562287,0.993,2.0409293,6081.35,4.235,F8V,19.443838,19.990438,18.710054,8.5,1.2378024
1773028092663562289,0.766,-8.260573,5345.6436,4.608,G7V,18.62299,19.204355,17.862274,10.0,0.7221897
1773028092663562290,0.842,-0.90874714,5807.644,4.506,G1.5V,18.11574,18.618372,17.422834,10.0,0.84849894
1773028092663562293,0.766,-42.226456,5345.6436,4.608,G7V,19.558058,20.144693,18.795116,10.0,0.7221897
1773028092663562299,0.97,24.815945,5861.382,3.954,F8IV,18.148504,18.732573,17.384281,10.0,1.7165297
1773028092797779973,0.629,-23.503916,4102.041,4.711,K7V,21.306606,22.354786,20.245588,1.5,0.5763036
1729428093069689002,0.655,32.738075,4265.7954,4.681,K6V,24.14662,26.020395,22.810741,6.0,0.6062494
1729428093069689003,0.917,-114.60681,5333.349,4.496,G6V,22.531197,24.091543,21.281044,6.0,0.88440526
1729428093069689005,0.628,94.19237,4159.106,4.693,K7V,25.541449,27.88626,24.111109,6.0,0.58701783
1729428093069689014,0.486,52.477272,3990.249,4.805,K8V,21.52672,23.043531,20.293602,8.5,0.45567092
1729428093069689016,0.121,-99.95753,3033.891,5.212,M5.5V,26.406292,29.115292,24.90985,8.5,0.14211872
1729428093069689018,0.741,163.29218,5164.1636,4.605,G9V,20.464785,21.45599,19.439188,8.5,0.6992803
1729428093069689021,0.35,42.857265,3732.5015,4.953,M0V,24.230404,25.909998,22.934572,8.5,0.3255752
1729428093069689022,0.242,87.315994,3372.873,5.023,M2.5V,25.193743,27.308369,23.789995,8.5,0.25040978
1729428093069689024,0.26,-67.7341,3491.403,5.015,M2V,25.2571,27.226435,23.890085,8.5,0.2610065
1729428093069689025,0.651,-83.29045,4335.109,4.672,K5V,22.158426,23.517296,20.97553,8.5,0.61185896
1729428093069689027,0.6,-92.30248,5140.436,8.05,DBVII,30.359278,31.355627,29.32831,8.5,0.012096268
1729428093069689028,0.201,25.263885,3303.6953,5.07,M3.5V,26.328892,28.368822,24.950884,8.5,0.21609828
1729428093069689029,0.344,13.860726,3580.9644,4.945,M1.5V,24.813114,26.783457,23.453518,8.5,0.3255752
1729428093069689030,0.817,-143.43799,5296.6343,4.547,G7V,20.813553,21.79271,19.794645,8.5,0.788227
1729428093069689032,0.611,45.79087,4591.98,4.689,K4V,22.077513,23.278221,20.956846,8.5,0.5816361
1729428093069689035,0.305,137.5054,3810.6582,4.992,K9V,24.875025,26.598137,23.567743,8.5,0.29150856
1729428093069689036,0.346,-129.35078,3655.948,4.95,M0.5V,25.244776,27.020842,23.924084,8.5,0.3240793
1729428093069689051,0.188,130.98416,3318.9446,5.094,M3.5V,30.235685,34.15182,28.616299,8.5,0.20260555
1729428093069689059,0.295,127.618385,3443.4993,4.973,M2.5V,30.89621,34.86687,29.283998,8.5,0.2928541
1729428093069689061,0.203,-14.127103,3443.4993,5.082,M2.5V,20.17511,21.455595,19.010366,10.0,0.21411708
1729428093069689063,0.359,37.84215,3706.8071,4.947,M1V,23.295897,24.846912,22.048893,10.0,0.33315882
1729428093069689064,0.712,64.57055,4988.8447,4.648,K2V,20.739367,21.76097,19.697788,10.0,0.66168505
1729428093069689070,0.575,37.989353,1896.7064,8.0,DAVII,33.50358,34.488495,32.478397,10.0,0.012435149
1729428093069689073,0.359,-53.70524,3706.8071,4.947,M1V,24.47672,26.039267,23.233976,10.0,0.33315882
1729428093069689074,0.678,56.19197,4753.352,4.668,K3.5V,21.857756,22.878218,20.816027,10.0,0.6319043
1729428093069689075,0.239,-63.324047,3523.7087,5.039,M2V,25.442266,27.224796,24.139044,10.0,0.24470977
1729428093069689078,0.662,-105.2241,4655.861,4.678,K4V,22.444435,23.580406,21.348772,10.0,0.61468315
1729428093069689087,0.646,-53.487457,4549.8804,4.689,K5V,24.941984,26.995049,23.568243,10.0,0.60069126
1729428093069689092,0.631,-86.56035,5223.962,4.719,G9V,23.818333,25.446869,22.547945,14.0,0.5763036
1729428093069689095,1.062,64.214775,29512.078,7.832,DAVII,25.311497,25.653423,24.768848,10.0,0.014610051
1729428093069689096,0.319,-115.39197,3917.4187,4.969,M0V,24.683382,26.18182,23.458233,10.0,0.3010588
1729428093069689102,0.438,43.737217,4055.0854,4.903,K8V,27.287905,30.162395,25.783598,10.0,0.38251752
1729428093069689114,0.306,-10.136411,3899.42,4.977,M0V,28.167933,30.821787,26.692554,10.0,0.2928541
2203778094660059142,1.797,-134.53075,,,,19.928783,20.394426,19.268534,6.0,
2203778097881284610,1.583,-82.743256,7328.245,4.218,A9.5V,17.774284,18.09892,17.263582,0.575,1.6019588
2203778097881284616,0.77,-103.92917,5164.1636,4.586,G8V,19.373951,19.92866,18.639828,8.5,0.7322364
2203778097881284617,1.098,-101.89961,4731.5127,3.053,G9III,16.74095,17.398874,15.926179,8.5,5.089221
2203778097881284619,0.524,-139.4265,4466.836,4.811,K5V,20.925247,21.687592,20.035967,14.0,0.47059935
2203778098015502341,0.48,-13.012355,3655.948,4.832,M0.5V,19.717768,20.87085,18.610693,2.5,0.43717098
2203778098015502346,0.712,-7.5044804,4988.8447,4.648,K2V,18.381618,18.971056,17.616737,10.0,0.66168505
2203778098149720069,0.461,-12.544242,3614.0986,4.848,M1V,19.68854,21.048954,18.49494,2.5,0.42135808
2203778098149720074,0.203,-176.42583,3443.4993,5.082,M2.5V,23.084906,24.439232,21.920282,10.0,0.21411708
2203778098283937797,0.073,-12.292503,1599.558,5.36,L5V,29.816547,34.325027,28.19313,2.5,0.30524695
2203778098418155525,0.279,-12.074742,3427.678,5.01,M2.5V,21.18854,22.548954,19.99494,2.5,0.27205163
2203778098955026437,1.293,-12.602499,,,,18.820353,20.085182,17.663746,2.5,
2203778098955026442,0.915,-44.981018,,,,18.367441,18.964025,17.59631,10.0,
2203828090226868226,6.39,-168.17279,,,,17.399393,17.685926,16.933565,1.5,
